{
    "TauFake": {
        "pt": {
            "pt:[180.0,185.0]": {
                "down": 0.9005206706818363, 
                "up": 1.0803653035482328, 
                "value": 0.9904429871150345
            }, 
            "pt:[65.0,70.0]": {
                "down": 0.9543999916800153, 
                "up": 1.0561447274183717, 
                "value": 1.0052723595491935
            }, 
            "pt:[70.0,75.0]": {
                "down": 0.9520574125061815, 
                "up": 1.057197795945757, 
                "value": 1.0046276042259692
            }, 
            "pt:[105.0,110.0]": {
                "down": 0.9356593582893443, 
                "up": 1.0645692756374538, 
                "value": 1.000114316963399
            }, 
            "pt:[160.0,165.0]": {
                "down": 0.9098909873771717, 
                "up": 1.0761530294386918, 
                "value": 0.9930220084079318
            }, 
            "pt:[60.0,65.0]": {
                "down": 0.9567425708538492, 
                "up": 1.0550916588909864, 
                "value": 1.0059171148724178
            }, 
            "pt:[165.0,170.0]": {
                "down": 0.9075484082033378, 
                "up": 1.0772060979660771, 
                "value": 0.9923772530847075
            }, 
            "pt:[120.0,125.0]": {
                "down": 0.9286316207678427, 
                "up": 1.0677284812196097, 
                "value": 0.9981800509937262
            }, 
            "pt:[50.0,55.0]": {
                "down": 0.961427729201517, 
                "up": 1.052985521836216, 
                "value": 1.0072066255188665
            }, 
            "pt:[130.0,135.0]": {
                "down": 0.923946462420175, 
                "up": 1.06983461827438, 
                "value": 0.9968905403472775
            }, 
            "pt:[85.0,90.0]": {
                "down": 0.9450296749846798, 
                "up": 1.060357001527913, 
                "value": 1.0026933382562964
            }, 
            "pt:[110.0,115.0]": {
                "down": 0.9333167791155105, 
                "up": 1.0656223441648391, 
                "value": 0.9994695616401748
            }, 
            "pt:[35.0,40.0]": {
                "down": 0.9684554667230185, 
                "up": 1.0498263162540602, 
                "value": 1.0091408914885394
            }, 
            "pt:[175.0,180.0]": {
                "down": 0.9028632498556701, 
                "up": 1.0793122350208475, 
                "value": 0.9910877424382588
            }, 
            "pt:[95.0,100.0]": {
                "down": 0.9403445166370121, 
                "up": 1.0624631385826833, 
                "value": 1.0014038276098478
            }, 
            "pt:[45.0,50.0]": {
                "down": 0.9637703083753508, 
                "up": 1.0519324533088308, 
                "value": 1.0078513808420908
            }, 
            "pt:[125.0,130.0]": {
                "down": 0.9262890415940088, 
                "up": 1.068781549746995, 
                "value": 0.9975352956705019
            }, 
            "pt:[135.0,140.0]": {
                "down": 0.9216038832463411, 
                "up": 1.0708876868017654, 
                "value": 0.9962457850240533
            }, 
            "pt:[140.0,145.0]": {
                "down": 0.9192613040725073, 
                "up": 1.0719407553291507, 
                "value": 0.995601029700829
            }, 
            "pt:[80.0,85.0]": {
                "down": 0.9473722541585137, 
                "up": 1.0593039330005276, 
                "value": 1.0033380935795206
            }, 
            "pt:[75.0,80.0]": {
                "down": 0.9497148333323475, 
                "up": 1.0582508644731423, 
                "value": 1.003982848902745
            }, 
            "pt:[90.0,95.0]": {
                "down": 0.942687095810846, 
                "up": 1.0614100700552982, 
                "value": 1.002048582933072
            }, 
            "pt:[20.0,25.0]": {
                "down": 0.9754832042445202, 
                "up": 1.0466671106719043, 
                "value": 1.0110751574582122
            }, 
            "pt:[55.0,60.0]": {
                "down": 0.959085150027683, 
                "up": 1.0540385903636014, 
                "value": 1.0065618701956422
            }, 
            "pt:[185.0,190.0]": {
                "down": 0.8981780915080023, 
                "up": 1.081418372075618, 
                "value": 0.9897982317918103
            }, 
            "pt:[170.0,175.0]": {
                "down": 0.905205829029504, 
                "up": 1.0782591664934622, 
                "value": 0.9917324977614831
            }, 
            "pt:[25.0,30.0]": {
                "down": 0.9731406250706863, 
                "up": 1.0477201791992896, 
                "value": 1.010430402134988
            }, 
            "pt:[200.0,205.0]": {
                "down": 0.8911503539865008, 
                "up": 1.084577577657774, 
                "value": 0.9878639658221373
            }, 
            "pt:[100.0,105.0]": {
                "down": 0.9380019374631782, 
                "up": 1.0635162071100686, 
                "value": 1.0007590722866233
            }, 
            "pt:[195.0,200.0]": {
                "down": 0.8934929331603346, 
                "up": 1.0835245091303887, 
                "value": 0.9885087211453616
            }, 
            "pt:[155.0,160.0]": {
                "down": 0.9122335665510056, 
                "up": 1.0750999609113066, 
                "value": 0.993666763731156
            }, 
            "pt:[145.0,150.0]": {
                "down": 0.9169187248986733, 
                "up": 1.072993823856536, 
                "value": 0.9949562743776047
            }, 
            "pt:[190.0,195.0]": {
                "down": 0.8958355123341685, 
                "up": 1.0824714406030034, 
                "value": 0.9891534764685859
            }, 
            "pt:[40.0,45.0]": {
                "down": 0.9661128875491847, 
                "up": 1.0508793847814455, 
                "value": 1.008496136165315
            }, 
            "pt:[30.0,35.0]": {
                "down": 0.9707980458968525, 
                "up": 1.048773247726675, 
                "value": 1.0097856468117636
            }, 
            "pt:[115.0,120.0]": {
                "down": 0.9309741999416766, 
                "up": 1.0666754126922244, 
                "value": 0.9988248063169505
            }, 
            "pt:[150.0,155.0]": {
                "down": 0.9145761457248395, 
                "up": 1.0740468923839213, 
                "value": 0.9943115190543803
            }
        }
    }
}