{
    "TauFake": {
        "pt": {
            "pt:[180.0,185.0]": {
                "down": 0.819491522450051, 
                "up": 1.0959590071266878, 
                "value": 0.9577252647883693
            }, 
            "pt:[65.0,70.0]": {
                "down": 0.9177282272357069, 
                "up": 1.0739581671230578, 
                "value": 0.9958431971793823
            }, 
            "pt:[70.0,75.0]": {
                "down": 0.9134570661580697, 
                "up": 1.0749147253840852, 
                "value": 0.9941858957710773
            }, 
            "pt:[105.0,110.0]": {
                "down": 0.8835589386146091, 
                "up": 1.081610633211277, 
                "value": 0.982584785912943
            }, 
            "pt:[160.0,165.0]": {
                "down": 0.8365761667605998, 
                "up": 1.0921327740825781, 
                "value": 0.964354470421589
            }, 
            "pt:[60.0,65.0]": {
                "down": 0.921999388313344, 
                "up": 1.0730016088620304, 
                "value": 0.9975004985876872
            }, 
            "pt:[165.0,170.0]": {
                "down": 0.8323050056829626, 
                "up": 1.0930893323436055, 
                "value": 0.9626971690132841
            }, 
            "pt:[120.0,125.0]": {
                "down": 0.8707454553816976, 
                "up": 1.084480307994359, 
                "value": 0.9776128816880283
            }, 
            "pt:[50.0,55.0]": {
                "down": 0.9305417104686186, 
                "up": 1.0710884923399755, 
                "value": 1.000815101404297
            }, 
            "pt:[130.0,135.0]": {
                "down": 0.8622031332264231, 
                "up": 1.0863934245164137, 
                "value": 0.9742982788714184
            }, 
            "pt:[85.0,90.0]": {
                "down": 0.900643582925158, 
                "up": 1.0777844001671673, 
                "value": 0.9892139915461626
            }, 
            "pt:[110.0,115.0]": {
                "down": 0.879287777536972, 
                "up": 1.0825671914723043, 
                "value": 0.9809274845046381
            }, 
            "pt:[35.0,40.0]": {
                "down": 0.9433551937015301, 
                "up": 1.0682188175568934, 
                "value": 1.0057870056292117
            }, 
            "pt:[175.0,180.0]": {
                "down": 0.8237626835276881, 
                "up": 1.0950024488656604, 
                "value": 0.9593825661966742
            }, 
            "pt:[95.0,100.0]": {
                "down": 0.8921012607698836, 
                "up": 1.0796975166892222, 
                "value": 0.9858993887295527
            }, 
            "pt:[45.0,50.0]": {
                "down": 0.9348128715462557, 
                "up": 1.0701319340789481, 
                "value": 1.002472402812602
            }, 
            "pt:[125.0,130.0]": {
                "down": 0.8664742943040603, 
                "up": 1.0854368662553864, 
                "value": 0.9759555802797233
            }, 
            "pt:[135.0,140.0]": {
                "down": 0.8579319721487859, 
                "up": 1.0873499827774413, 
                "value": 0.9726409774631135
            }, 
            "pt:[140.0,145.0]": {
                "down": 0.8536608110711487, 
                "up": 1.0883065410384687, 
                "value": 0.9709836760548086
            }, 
            "pt:[80.0,85.0]": {
                "down": 0.9049147440027953, 
                "up": 1.07682784190614, 
                "value": 0.9908712929544675
            }, 
            "pt:[75.0,80.0]": {
                "down": 0.9091859050804324, 
                "up": 1.0758712836451125, 
                "value": 0.9925285943627724
            }, 
            "pt:[90.0,95.0]": {
                "down": 0.8963724218475208, 
                "up": 1.0787409584281946, 
                "value": 0.9875566901378577
            }, 
            "pt:[20.0,25.0]": {
                "down": 0.9561686769344417, 
                "up": 1.0653491427738113, 
                "value": 1.0107589098541265
            }, 
            "pt:[55.0,60.0]": {
                "down": 0.9262705493909813, 
                "up": 1.0720450506010029, 
                "value": 0.9991577999959921
            }, 
            "pt:[185.0,190.0]": {
                "down": 0.8152203613724137, 
                "up": 1.0969155653877152, 
                "value": 0.9560679633800644
            }, 
            "pt:[170.0,175.0]": {
                "down": 0.8280338446053254, 
                "up": 1.094045890604633, 
                "value": 0.9610398676049792
            }, 
            "pt:[25.0,30.0]": {
                "down": 0.9518975158568046, 
                "up": 1.0663057010348387, 
                "value": 1.0091016084458215
            }, 
            "pt:[200.0,205.0]": {
                "down": 0.8024068781395021, 
                "up": 1.0997852401707973, 
                "value": 0.9510960591551496
            }, 
            "pt:[100.0,105.0]": {
                "down": 0.8878300996922464, 
                "up": 1.0806540749502496, 
                "value": 0.9842420873212478
            }, 
            "pt:[195.0,200.0]": {
                "down": 0.8066780392171393, 
                "up": 1.09882868190977, 
                "value": 0.9527533605634546
            }, 
            "pt:[155.0,160.0]": {
                "down": 0.840847327838237, 
                "up": 1.0911762158215508, 
                "value": 0.9660117718298938
            }, 
            "pt:[145.0,150.0]": {
                "down": 0.8493896499935114, 
                "up": 1.089263099299496, 
                "value": 0.9693263746465037
            }, 
            "pt:[190.0,195.0]": {
                "down": 0.8109492002947765, 
                "up": 1.0978721236487425, 
                "value": 0.9544106619717595
            }, 
            "pt:[40.0,45.0]": {
                "down": 0.939084032623893, 
                "up": 1.0691753758179208, 
                "value": 1.0041297042209067
            }, 
            "pt:[30.0,35.0]": {
                "down": 0.9476263547791673, 
                "up": 1.067262259295866, 
                "value": 1.0074443070375165
            }, 
            "pt:[115.0,120.0]": {
                "down": 0.8750166164593347, 
                "up": 1.0835237497333317, 
                "value": 0.9792701830963332
            }, 
            "pt:[150.0,155.0]": {
                "down": 0.8451184889158743, 
                "up": 1.0902196575605234, 
                "value": 0.9676690732381987
            }
        }
    }
}