{
  "xsec": 0.08646,
  "year": "2022",
  "treeName": "Events",
  "histAxisName": "TTLL_MLL-50_central2022",
  "options": "",
  "WCnames": [],
  "files": [
    "/store/user/apiccine/run3skimsT3/mc/NAOD_ULv12_lepMVA-run3/2022/Full/v250423/TTLL_MLL_50/output_259.root",
    "/store/user/apiccine/run3skimsT3/mc/NAOD_ULv12_lepMVA-run3/2022/Full/v250423/TTLL_MLL_50/output_166.root"
  ],
  "nEvents": 400000,
  "nGenEvents": 400000,
  "nSumOfWeights": 34637.37839584,
  "isData": false,
  "path": "/store/mc/Run3Summer22NanoAODv12/TTLL_MLL-50_TuneCP5_13p6TeV_amcatnlo-pythia8/NANOAODSIM/130X_mcRun3_2022_realistic_v5-v2",
  "nSumOfWeights_ISRUp": 34657.956368075545,
  "nSumOfWeights_ISRDown": 34616.93188950696,
  "nSumOfWeights_FSRUp": 34661.65248035174,
  "nSumOfWeights_FSRDown": 34611.76777008246,
  "nSumOfWeights_renormUp": 31775.359922526713,
  "nSumOfWeights_renormDown": 37386.27729659824,
  "nSumOfWeights_factUp": 33892.353730655086,
  "nSumOfWeights_factDown": 35556.82168069379,
  "nSumOfWeights_renormDown_factUp": 36986.232373410065,
  "nSumOfWeights_renormUp_factDown": 32879.66805861879
}