{
  "xsec": 0.2505,
  "year": "2022",
  "treeName": "Events",
  "histAxisName": "ttLNu_cental2022",
  "options": "",
  "WCnames": [],
  "files": [
    "/store/user/apiccine/run3skimsT3/mc/NAOD_ULv12_lepMVA-run3/2022/Full/v250423/TTLNu/output_3.root"
  ],
  "nEvents": 111308,
  "nGenEvents": 111308,
  "nSumOfWeights": 50239.483934699994,
  "isData": false,
  "path": "/store/mc/Run3Summer22NanoAODv12/TTLNu-1Jets_TuneCP5_13p6TeV_amcatnloFXFX-pythia8/NANOAODSIM/130X_mcRun3_2022_realistic_v5-v1",
  "nSumOfWeights_ISRUp": 50719.75159050424,
  "nSumOfWeights_ISRDown": 49626.358081854574,
  "nSumOfWeights_FSRUp": 50299.883649315685,
  "nSumOfWeights_FSRDown": 49981.15223841928,
  "nSumOfWeights_renormUp": 50239.482219815254,
  "nSumOfWeights_renormDown": 50239.482219815254,
  "nSumOfWeights_factUp": 50239.482219815254,
  "nSumOfWeights_factDown": 50239.482219815254,
  "nSumOfWeights_renormDown_factUp": 50239.482219815254,
  "nSumOfWeights_renormUp_factDown": 50239.482219815254
}