{
  "xsec": 0.03949,
  "year": "2023",
  "treeName": "Events",
  "histAxisName": "TTLL_MLL-4to50_central2023",
  "options": "",
  "WCnames": [],
  "files": [
    "/store/user/apiccine/run3skimsT3/mc/NAOD_ULv12_lepMVA-run3/2023/Full/v250423/TTLL_MLL_4to50/output_117.root",
    "/store/user/apiccine/run3skimsT3/mc/NAOD_ULv12_lepMVA-run3/2023/Full/v250423/TTLL_MLL_4to50/output_126.root"
  ],
  "nEvents": 591000,
  "nGenEvents": 591000,
  "nSumOfWeights": 23188.766172468007,
  "isData": false,
  "path": "/store/mc/Run3Summer23NanoAODv12/TTLL_MLL-4to50_TuneCP5_13p6TeV_amcatnlo-pythia8/NANOAODSIM/130X_mcRun3_2023_realistic_v15-v2",
  "nSumOfWeights_ISRUp": 23190.549938784017,
  "nSumOfWeights_ISRDown": 23185.532119345786,
  "nSumOfWeights_FSRUp": 23192.88119809702,
  "nSumOfWeights_FSRDown": 23168.80333635467,
  "nSumOfWeights_renormUp": 21047.348499108688,
  "nSumOfWeights_renormDown": 25370.871770559617,
  "nSumOfWeights_factUp": 22718.86827890316,
  "nSumOfWeights_factDown": 23775.942870177092,
  "nSumOfWeights_renormDown_factUp": 25045.8911284758,
  "nSumOfWeights_renormUp_factDown": 21690.622616464385
}