{
    "xsec": 0.2505,
    "year": "2023",
    "treeName": "Events",
    "histAxisName": "ttLNu_cental2023",
    "options": "",
    "WCnames": [],
    "files": [
        "/store/user/apiccine/run3skimsT3/mc/NAOD_ULv12_lepMVA-run3/2023/Full/v250423/TTLNu/output_209.root",
        "/store/user/apiccine/run3skimsT3/mc/NAOD_ULv12_lepMVA-run3/2023/Full/v250423/TTLNu/output_13.root"
    ],
    "nEvents": 460305,
    "nGenEvents": 460305,
    "nSumOfWeights": 205678.43335949,
    "isData": false,
    "path": "/store/mc/Run3Summer23NanoAODv12/TTLNu-1Jets_TuneCP5_13p6TeV_amcatnloFXFX-pythia8/NANOAODSIM/130X_mcRun3_2023_realistic_v15-v2",
    "nSumOfWeights_ISRUp": 207595.72364386782,
    "nSumOfWeights_ISRDown": 203260.04780378105,
    "nSumOfWeights_FSRUp": 205861.83327047527,
    "nSumOfWeights_FSRDown": 204567.24365092628,
    "nSumOfWeights_renormUp": 186799.77200233133,
    "nSumOfWeights_renormDown": 220793.9649712925,
    "nSumOfWeights_factUp": 203104.61776535655,
    "nSumOfWeights_factDown": 209364.09567753575,
    "nSumOfWeights_renormDown_factUp": 220326.3165710233,
    "nSumOfWeights_renormUp_factDown": 191220.54583604296
}