{
    "TauFake": {
        "pt": {
            "pt:[180.0,185.0]": {
                "down": 0.8296008584969492, 
                "up": 1.1218705496949997, 
                "value": 0.9757357040959744
            }, 
            "pt:[65.0,70.0]": {
                "down": 0.893268365183975, 
                "up": 1.0580522965073451, 
                "value": 0.97566033084566
            }, 
            "pt:[70.0,75.0]": {
                "down": 0.8905002127193217, 
                "up": 1.0608270031676779, 
                "value": 0.9756636079434997
            }, 
            "pt:[105.0,110.0]": {
                "down": 0.8711231454667486, 
                "up": 1.0802499497900075, 
                "value": 0.975686547628378
            }, 
            "pt:[160.0,165.0]": {
                "down": 0.8406734683555624, 
                "up": 1.1107717230536684, 
                "value": 0.9757225957046154
            }, 
            "pt:[60.0,65.0]": {
                "down": 0.8960365176486282, 
                "up": 1.0552775898470121, 
                "value": 0.9756570537478202
            }, 
            "pt:[165.0,170.0]": {
                "down": 0.8379053158909091, 
                "up": 1.1135464297140012, 
                "value": 0.9757258728024552
            }, 
            "pt:[120.0,125.0]": {
                "down": 0.8628186880727887, 
                "up": 1.088574069771006, 
                "value": 0.9756963789218973
            }, 
            "pt:[50.0,55.0]": {
                "down": 0.9015728225779348, 
                "up": 1.0497281765263466, 
                "value": 0.9756504995521407
            }, 
            "pt:[130.0,135.0]": {
                "down": 0.8572823831434822, 
                "up": 1.0941234830916717, 
                "value": 0.9757029331175768
            }, 
            "pt:[85.0,90.0]": {
                "down": 0.8821957553253618, 
                "up": 1.0691511231486763, 
                "value": 0.975673439237019
            }, 
            "pt:[110.0,115.0]": {
                "down": 0.8683549930020953, 
                "up": 1.0830246564503403, 
                "value": 0.9756898247262178
            }, 
            "pt:[35.0,40.0]": {
                "down": 0.9098772799718947, 
                "up": 1.0414040565453482, 
                "value": 0.9756406682586214
            }, 
            "pt:[175.0,180.0]": {
                "down": 0.8323690109616025, 
                "up": 1.119095843034667, 
                "value": 0.9757324269981347
            }, 
            "pt:[95.0,100.0]": {
                "down": 0.8766594503960552, 
                "up": 1.0747005364693418, 
                "value": 0.9756799934326985
            }, 
            "pt:[45.0,50.0]": {
                "down": 0.9043409750425881, 
                "up": 1.046953469866014, 
                "value": 0.9756472224543009
            }, 
            "pt:[125.0,130.0]": {
                "down": 0.8600505356081355, 
                "up": 1.0913487764313388, 
                "value": 0.9756996560197371
            }, 
            "pt:[135.0,140.0]": {
                "down": 0.8545142306788289, 
                "up": 1.0968981897520045, 
                "value": 0.9757062102154166
            }, 
            "pt:[140.0,145.0]": {
                "down": 0.8517460782141756, 
                "up": 1.0996728964123372, 
                "value": 0.9757094873132564
            }, 
            "pt:[80.0,85.0]": {
                "down": 0.8849639077900151, 
                "up": 1.0663764164883436, 
                "value": 0.9756701621391792
            }, 
            "pt:[75.0,80.0]": {
                "down": 0.8877320602546683, 
                "up": 1.0636017098280106, 
                "value": 0.9756668850413395
            }, 
            "pt:[90.0,95.0]": {
                "down": 0.8794276028607085, 
                "up": 1.071925829809009, 
                "value": 0.9756767163348588
            }, 
            "pt:[20.0,25.0]": {
                "down": 0.9181817373658546, 
                "up": 1.0330799365643497, 
                "value": 0.9756308369651021
            }, 
            "pt:[55.0,60.0]": {
                "down": 0.8988046701132816, 
                "up": 1.0525028831866794, 
                "value": 0.9756537766499804
            }, 
            "pt:[185.0,190.0]": {
                "down": 0.826832706032296, 
                "up": 1.1246452563553326, 
                "value": 0.9757389811938142
            }, 
            "pt:[170.0,175.0]": {
                "down": 0.8351371634262559, 
                "up": 1.1163211363743342, 
                "value": 0.9757291499002949
            }, 
            "pt:[25.0,30.0]": {
                "down": 0.9154135849012013, 
                "up": 1.0358546432246825, 
                "value": 0.9756341140629419
            }, 
            "pt:[200.0,205.0]": {
                "down": 0.8185282486383361, 
                "up": 1.132969376336331, 
                "value": 0.9757488124873335
            }, 
            "pt:[100.0,105.0]": {
                "down": 0.873891297931402, 
                "up": 1.0774752431296748, 
                "value": 0.9756832705305383
            }, 
            "pt:[195.0,200.0]": {
                "down": 0.8212964011029894, 
                "up": 1.1301946696759981, 
                "value": 0.9757455353894937
            }, 
            "pt:[155.0,160.0]": {
                "down": 0.8434416208202157, 
                "up": 1.1079970163933357, 
                "value": 0.9757193186067756
            }, 
            "pt:[145.0,150.0]": {
                "down": 0.8489779257495222, 
                "up": 1.10244760307267, 
                "value": 0.9757127644110961
            }, 
            "pt:[190.0,195.0]": {
                "down": 0.8240645535676426, 
                "up": 1.1274199630156654, 
                "value": 0.975742258291654
            }, 
            "pt:[40.0,45.0]": {
                "down": 0.9071091275072414, 
                "up": 1.044178763205681, 
                "value": 0.9756439453564612
            }, 
            "pt:[30.0,35.0]": {
                "down": 0.912645432436548, 
                "up": 1.0386293498850154, 
                "value": 0.9756373911607816
            }, 
            "pt:[115.0,120.0]": {
                "down": 0.8655868405374421, 
                "up": 1.0857993631106733, 
                "value": 0.9756931018240576
            }, 
            "pt:[150.0,155.0]": {
                "down": 0.846209773284869, 
                "up": 1.105222309733003, 
                "value": 0.9757160415089359
            }
        }
    }
}