{
    "Tau_SF": {
        "eta_gen": {
            "eta:[1.6,1.8]": {
                "gen:[1.0,1.0]": {
                    "value": 1.25
                }, 
                "gen:[2.0,2.0]": {
                    "value": 0.9300000071525574
                }
            }, 
            "eta:[2.0,2.2]": {
                "gen:[1.0,1.0]": {
                    "value": 1.25
                }, 
                "gen:[2.0,2.0]": {
                    "value": 1.6100000143051147
                }
            }, 
            "eta:[0.6,0.8]": {
                "gen:[1.0,1.0]": {
                    "value": 1.1699999570846558
                }, 
                "gen:[2.0,2.0]": {
                    "value": 1.2899999618530273
                }
            }, 
            "eta:[0.8,1.0]": {
                "gen:[1.0,1.0]": {
                    "value": 1.1699999570846558
                }, 
                "gen:[2.0,2.0]": {
                    "value": 1.1399999856948853
                }
            }, 
            "eta:[1.0,1.2]": {
                "gen:[1.0,1.0]": {
                    "value": 1.1699999570846558
                }, 
                "gen:[2.0,2.0]": {
                    "value": 1.1399999856948853
                }
            }, 
            "eta:[0.2,0.4]": {
                "gen:[1.0,1.0]": {
                    "value": 1.1699999570846558
                }, 
                "gen:[2.0,2.0]": {
                    "value": 1.1699999570846558
                }
            }, 
            "eta:[1.2,1.4]": {
                "gen:[1.0,1.0]": {
                    "value": 1.1699999570846558
                }, 
                "gen:[2.0,2.0]": {
                    "value": 0.9300000071525574
                }
            }, 
            "eta:[2.4,2.6]": {
                "gen:[1.0,1.0]": {
                    "value": 1.0
                }, 
                "gen:[2.0,2.0]": {
                    "value": 1.0
                }
            }, 
            "eta:[1.4,1.6]": {
                "gen:[1.0,1.0]": {
                    "value": 1.1699999570846558
                }, 
                "gen:[2.0,2.0]": {
                    "value": 0.9300000071525574
                }
            }, 
            "eta:[0.4,0.6]": {
                "gen:[1.0,1.0]": {
                    "value": 1.1699999570846558
                }, 
                "gen:[2.0,2.0]": {
                    "value": 1.2899999618530273
                }
            }, 
            "eta:[0.0,0.2]": {
                "gen:[1.0,1.0]": {
                    "value": 1.1699999570846558
                }, 
                "gen:[2.0,2.0]": {
                    "value": 1.1699999570846558
                }
            }, 
            "eta:[1.8,2.0]": {
                "gen:[1.0,1.0]": {
                    "value": 1.25
                }, 
                "gen:[2.0,2.0]": {
                    "value": 1.6100000143051147
                }
            }, 
            "eta:[2.2,2.4]": {
                "gen:[1.0,1.0]": {
                    "value": 1.25
                }, 
                "gen:[2.0,2.0]": {
                    "value": 1.6100000143051147
                }
            }
        }
    }
}