{
    "Tau_SF": {
        "eta_gen": {
            "eta:[1.6,1.8]": {
                "gen:[1.0,1.0]": {
                    "value": 1.2400000095367432
                }, 
                "gen:[2.0,2.0]": {
                    "value": 1.159000039100647
                }
            }, 
            "eta:[2.0,2.2]": {
                "gen:[1.0,1.0]": {
                    "value": 1.2400000095367432
                }, 
                "gen:[2.0,2.0]": {
                    "value": 3.309999942779541
                }
            }, 
            "eta:[0.6,0.8]": {
                "gen:[1.0,1.0]": {
                    "value": 1.3799999952316284
                }, 
                "gen:[2.0,2.0]": {
                    "value": 1.1440000534057617
                }
            }, 
            "eta:[0.8,1.0]": {
                "gen:[1.0,1.0]": {
                    "value": 1.3799999952316284
                }, 
                "gen:[2.0,2.0]": {
                    "value": 1.2610000371932983
                }
            }, 
            "eta:[1.0,1.2]": {
                "gen:[1.0,1.0]": {
                    "value": 1.3799999952316284
                }, 
                "gen:[2.0,2.0]": {
                    "value": 1.2610000371932983
                }
            }, 
            "eta:[0.2,0.4]": {
                "gen:[1.0,1.0]": {
                    "value": 1.3799999952316284
                }, 
                "gen:[2.0,2.0]": {
                    "value": 1.2740000486373901
                }
            }, 
            "eta:[1.2,1.4]": {
                "gen:[1.0,1.0]": {
                    "value": 1.3799999952316284
                }, 
                "gen:[2.0,2.0]": {
                    "value": 1.159000039100647
                }
            }, 
            "eta:[2.4,2.6]": {
                "gen:[1.0,1.0]": {
                    "value": 1.0
                }, 
                "gen:[2.0,2.0]": {
                    "value": 1.0
                }
            }, 
            "eta:[1.4,1.6]": {
                "gen:[1.0,1.0]": {
                    "value": 1.3799999952316284
                }, 
                "gen:[2.0,2.0]": {
                    "value": 1.159000039100647
                }
            }, 
            "eta:[0.4,0.6]": {
                "gen:[1.0,1.0]": {
                    "value": 1.3799999952316284
                }, 
                "gen:[2.0,2.0]": {
                    "value": 1.1440000534057617
                }
            }, 
            "eta:[0.0,0.2]": {
                "gen:[1.0,1.0]": {
                    "value": 1.3799999952316284
                }, 
                "gen:[2.0,2.0]": {
                    "value": 1.2740000486373901
                }
            }, 
            "eta:[1.8,2.0]": {
                "gen:[1.0,1.0]": {
                    "value": 1.2400000095367432
                }, 
                "gen:[2.0,2.0]": {
                    "value": 3.309999942779541
                }
            }, 
            "eta:[2.2,2.4]": {
                "gen:[1.0,1.0]": {
                    "value": 1.2400000095367432
                }, 
                "gen:[2.0,2.0]": {
                    "value": 3.309999942779541
                }
            }
        }
    }
}