{
    "TauFake": {
        "pt": {
            "pt:[180.0,185.0]": {
                "down": 0.9039686377026984, 
                "up": 1.1095353205421248, 
                "value": 1.0067519791224118
            }, 
            "pt:[65.0,70.0]": {
                "down": 0.9584559915782636, 
                "up": 1.0748881796260008, 
                "value": 1.0166720856021323
            }, 
            "pt:[70.0,75.0]": {
                "down": 0.9560869761923694, 
                "up": 1.0763945770571366, 
                "value": 1.0162407766247532
            }, 
            "pt:[105.0,110.0]": {
                "down": 0.9395038684911104, 
                "up": 1.0869393590750875, 
                "value": 1.013221613783099
            }, 
            "pt:[160.0,165.0]": {
                "down": 0.9134446992462749, 
                "up": 1.1035097308175816, 
                "value": 1.0084772150319283
            }, 
            "pt:[60.0,65.0]": {
                "down": 0.9608250069641577, 
                "up": 1.073381782194865, 
                "value": 1.0171033945795114
            }, 
            "pt:[165.0,170.0]": {
                "down": 0.9110756838603808, 
                "up": 1.1050161282487174, 
                "value": 1.0080459060545492
            }, 
            "pt:[120.0,125.0]": {
                "down": 0.932396822333428, 
                "up": 1.091458551368495, 
                "value": 1.0119276868509615
            }, 
            "pt:[50.0,55.0]": {
                "down": 0.965563037735946, 
                "up": 1.0703689873325934, 
                "value": 1.0179660125342698
            }, 
            "pt:[130.0,135.0]": {
                "down": 0.9276587915616398, 
                "up": 1.0944713462307667, 
                "value": 1.0110650688962033
            }, 
            "pt:[85.0,90.0]": {
                "down": 0.9489799300346871, 
                "up": 1.0809137693505442, 
                "value": 1.0149468496926157
            }, 
            "pt:[110.0,115.0]": {
                "down": 0.9371348531052163, 
                "up": 1.0884457565062233, 
                "value": 1.0127903048057199
            }, 
            "pt:[35.0,40.0]": {
                "down": 0.9726700838936284, 
                "up": 1.0658497950391859, 
                "value": 1.0192599394664072
            }, 
            "pt:[175.0,180.0]": {
                "down": 0.9063376530885925, 
                "up": 1.108028923110989, 
                "value": 1.0071832880997909
            }, 
            "pt:[95.0,100.0]": {
                "down": 0.9442418992628987, 
                "up": 1.0839265642128157, 
                "value": 1.0140842317378573
            }, 
            "pt:[45.0,50.0]": {
                "down": 0.96793205312184, 
                "up": 1.0688625899014577, 
                "value": 1.0183973215116489
            }, 
            "pt:[125.0,130.0]": {
                "down": 0.930027806947534, 
                "up": 1.0929649487996307, 
                "value": 1.0114963778735824
            }, 
            "pt:[135.0,140.0]": {
                "down": 0.9252897761757456, 
                "up": 1.0959777436619025, 
                "value": 1.010633759918824
            }, 
            "pt:[140.0,145.0]": {
                "down": 0.9229207607898515, 
                "up": 1.0974841410930383, 
                "value": 1.010202450941445
            }, 
            "pt:[80.0,85.0]": {
                "down": 0.9513489454205811, 
                "up": 1.0794073719194084, 
                "value": 1.0153781586699948
            }, 
            "pt:[75.0,80.0]": {
                "down": 0.9537179608064753, 
                "up": 1.0779009744882726, 
                "value": 1.015809467647374
            }, 
            "pt:[90.0,95.0]": {
                "down": 0.9466109146487929, 
                "up": 1.08242016678168, 
                "value": 1.0145155407152364
            }, 
            "pt:[20.0,25.0]": {
                "down": 0.9797771300513108, 
                "up": 1.0613306027457785, 
                "value": 1.0205538663985447
            }, 
            "pt:[55.0,60.0]": {
                "down": 0.9631940223500518, 
                "up": 1.0718753847637292, 
                "value": 1.0175347035568907
            }, 
            "pt:[185.0,190.0]": {
                "down": 0.9015996223168042, 
                "up": 1.1110417179732606, 
                "value": 1.0063206701450325
            }, 
            "pt:[170.0,175.0]": {
                "down": 0.9087066684744867, 
                "up": 1.1065225256798532, 
                "value": 1.00761459707717
            }, 
            "pt:[25.0,30.0]": {
                "down": 0.9774081146654167, 
                "up": 1.0628370001769143, 
                "value": 1.0201225574211654
            }, 
            "pt:[200.0,205.0]": {
                "down": 0.8944925761591218, 
                "up": 1.1155609102666681, 
                "value": 1.005026743212895
            }, 
            "pt:[100.0,105.0]": {
                "down": 0.9418728838770046, 
                "up": 1.0854329616439515, 
                "value": 1.0136529227604782
            }, 
            "pt:[195.0,200.0]": {
                "down": 0.896861591545016, 
                "up": 1.1140545128355324, 
                "value": 1.0054580521902743
            }, 
            "pt:[155.0,160.0]": {
                "down": 0.9158137146321691, 
                "up": 1.1020033333864456, 
                "value": 1.0089085240093074
            }, 
            "pt:[145.0,150.0]": {
                "down": 0.9205517454039573, 
                "up": 1.098990538524174, 
                "value": 1.0097711419640658
            }, 
            "pt:[190.0,195.0]": {
                "down": 0.8992306069309102, 
                "up": 1.1125481154043966, 
                "value": 1.0058893611676534
            }, 
            "pt:[40.0,45.0]": {
                "down": 0.9703010685077342, 
                "up": 1.0673561924703217, 
                "value": 1.018828630489028
            }, 
            "pt:[30.0,35.0]": {
                "down": 0.9750390992795225, 
                "up": 1.06434339760805, 
                "value": 1.0196912484437863
            }, 
            "pt:[115.0,120.0]": {
                "down": 0.9347658377193222, 
                "up": 1.0899521539373591, 
                "value": 1.0123589958283408
            }, 
            "pt:[150.0,155.0]": {
                "down": 0.9181827300180632, 
                "up": 1.1004969359553098, 
                "value": 1.0093398329866865
            }
        }
    }
}