{
    "Tau_SF": {
        "eta_gen": {
            "eta:[1.6,1.8]": {
                "gen:[1.0,1.0]": {
                    "value": 0.9259999990463257
                }, 
                "gen:[2.0,2.0]": {
                    "value": 1.840000033378601
                }
            }, 
            "eta:[2.0,2.2]": {
                "gen:[1.0,1.0]": {
                    "value": 0.9259999990463257
                }, 
                "gen:[2.0,2.0]": {
                    "value": 2.009999990463257
                }
            }, 
            "eta:[0.6,0.8]": {
                "gen:[1.0,1.0]": {
                    "value": 1.2289999723434448
                }, 
                "gen:[2.0,2.0]": {
                    "value": 1.3700000047683716
                }
            }, 
            "eta:[0.8,1.0]": {
                "gen:[1.0,1.0]": {
                    "value": 1.2289999723434448
                }, 
                "gen:[2.0,2.0]": {
                    "value": 1.1200000047683716
                }
            }, 
            "eta:[1.0,1.2]": {
                "gen:[1.0,1.0]": {
                    "value": 1.2289999723434448
                }, 
                "gen:[2.0,2.0]": {
                    "value": 1.1200000047683716
                }
            }, 
            "eta:[0.2,0.4]": {
                "gen:[1.0,1.0]": {
                    "value": 1.2289999723434448
                }, 
                "gen:[2.0,2.0]": {
                    "value": 1.2300000190734863
                }
            }, 
            "eta:[1.2,1.4]": {
                "gen:[1.0,1.0]": {
                    "value": 1.2289999723434448
                }, 
                "gen:[2.0,2.0]": {
                    "value": 1.840000033378601
                }
            }, 
            "eta:[2.4,2.6]": {
                "gen:[1.0,1.0]": {
                    "value": 1.0
                }, 
                "gen:[2.0,2.0]": {
                    "value": 1.0
                }
            }, 
            "eta:[1.4,1.6]": {
                "gen:[1.0,1.0]": {
                    "value": 1.2289999723434448
                }, 
                "gen:[2.0,2.0]": {
                    "value": 1.840000033378601
                }
            }, 
            "eta:[0.4,0.6]": {
                "gen:[1.0,1.0]": {
                    "value": 1.2289999723434448
                }, 
                "gen:[2.0,2.0]": {
                    "value": 1.3700000047683716
                }
            }, 
            "eta:[0.0,0.2]": {
                "gen:[1.0,1.0]": {
                    "value": 1.2289999723434448
                }, 
                "gen:[2.0,2.0]": {
                    "value": 1.2300000190734863
                }
            }, 
            "eta:[1.8,2.0]": {
                "gen:[1.0,1.0]": {
                    "value": 0.9259999990463257
                }, 
                "gen:[2.0,2.0]": {
                    "value": 2.009999990463257
                }
            }, 
            "eta:[2.2,2.4]": {
                "gen:[1.0,1.0]": {
                    "value": 0.9259999990463257
                }, 
                "gen:[2.0,2.0]": {
                    "value": 2.009999990463257
                }
            }
        }
    }
}