{
  "xsec": 0.01398,
  "year": "2016APV",
  "treeName": "Events",
  "histAxisName": "ZZZ_centralUL16APV",
  "options": "",
  "WCnames": [],
  "files": [
    "/store/mc/RunIISummer20UL16NanoAODAPVv9/ZZZ_TuneCP5_13TeV-amcatnlo-pythia8/NANOAODSIM/106X_mcRun2_asymptotic_preVFP_v11-v1/120000/33E9F0BF-7412-634E-B785-F55026787E0D.root",
    "/store/mc/RunIISummer20UL16NanoAODAPVv9/ZZZ_TuneCP5_13TeV-amcatnlo-pythia8/NANOAODSIM/106X_mcRun2_asymptotic_preVFP_v11-v1/280000/14185493-D8D5-5248-B3DE-6500296D5BE0.root",
    "/store/mc/RunIISummer20UL16NanoAODAPVv9/ZZZ_TuneCP5_13TeV-amcatnlo-pythia8/NANOAODSIM/106X_mcRun2_asymptotic_preVFP_v11-v1/280000/AB7BC69B-0953-094E-AD1B-74AA90D700A6.root",
    "/store/mc/RunIISummer20UL16NanoAODAPVv9/ZZZ_TuneCP5_13TeV-amcatnlo-pythia8/NANOAODSIM/106X_mcRun2_asymptotic_preVFP_v11-v1/280000/21379D43-9267-924F-873A-2C3804B5DEE0.root",
    "/store/mc/RunIISummer20UL16NanoAODAPVv9/ZZZ_TuneCP5_13TeV-amcatnlo-pythia8/NANOAODSIM/106X_mcRun2_asymptotic_preVFP_v11-v1/280000/2522E05C-93C5-244F-8730-A70693E5EFF6.root",
    "/store/mc/RunIISummer20UL16NanoAODAPVv9/ZZZ_TuneCP5_13TeV-amcatnlo-pythia8/NANOAODSIM/106X_mcRun2_asymptotic_preVFP_v11-v1/70000/62588C66-81E8-A747-8067-F175E9BCA5B0.root",
    "/store/mc/RunIISummer20UL16NanoAODAPVv9/ZZZ_TuneCP5_13TeV-amcatnlo-pythia8/NANOAODSIM/106X_mcRun2_asymptotic_preVFP_v11-v1/280000/C21689CD-0189-EB47-935C-25325479A89A.root",
    "/store/mc/RunIISummer20UL16NanoAODAPVv9/ZZZ_TuneCP5_13TeV-amcatnlo-pythia8/NANOAODSIM/106X_mcRun2_asymptotic_preVFP_v11-v1/280000/E8FA3539-CB69-7949-956B-217C2DB1F82D.root",
    "/store/mc/RunIISummer20UL16NanoAODAPVv9/ZZZ_TuneCP5_13TeV-amcatnlo-pythia8/NANOAODSIM/106X_mcRun2_asymptotic_preVFP_v11-v1/130000/EDD19BA8-D201-6248-9B21-66769A184A3C.root"
  ],
  "nEvents": 81000,
  "nGenEvents": 81000,
  "nSumOfWeights": 1190.8428809000002,
  "isData": false,
  "nSumOfWeights_ISRUp": 81061.02953321638,
  "nSumOfWeights_ISRDown": 80951.22224041959,
  "nSumOfWeights_FSRUp": 80669.99935054779,
  "nSumOfWeights_FSRDown": 81102.63934326172,
  "nSumOfWeights_renormUp": 78745.8757019043,
  "nSumOfWeights_renormDown": 83714.17311763763,
  "nSumOfWeights_factUp": 80940.65483212471,
  "nSumOfWeights_factDown": 81187.41915392876,
  "nSumOfWeights_renormfactUp": 78655.44157910347,
  "nSumOfWeights_renormfactDown": 83899.55510413647
}