{
  "xsec": 0.05565,
  "year": "2016APV",
  "treeName": "Events",
  "histAxisName": "WZZ_centralUL16APV",
  "options": "",
  "WCnames": [],
  "files": [
    "/store/mc/RunIISummer20UL16NanoAODAPVv9/WZZ_TuneCP5_13TeV-amcatnlo-pythia8/NANOAODSIM/106X_mcRun2_asymptotic_preVFP_v11-v1/70000/46A7969F-B14E-FD4C-BB27-3FD39312EACC.root",
    "/store/mc/RunIISummer20UL16NanoAODAPVv9/WZZ_TuneCP5_13TeV-amcatnlo-pythia8/NANOAODSIM/106X_mcRun2_asymptotic_preVFP_v11-v1/70000/94FA1E6F-5054-0B4A-A408-4E031AFCDCA5.root",
    "/store/mc/RunIISummer20UL16NanoAODAPVv9/WZZ_TuneCP5_13TeV-amcatnlo-pythia8/NANOAODSIM/106X_mcRun2_asymptotic_preVFP_v11-v1/120000/EB3720B3-5A3F-8745-BAD2-38CC4B8C52F9.root",
    "/store/mc/RunIISummer20UL16NanoAODAPVv9/WZZ_TuneCP5_13TeV-amcatnlo-pythia8/NANOAODSIM/106X_mcRun2_asymptotic_preVFP_v11-v1/120000/C2CBE1DB-A60F-7346-A8F7-7C98ED5139EE.root",
    "/store/mc/RunIISummer20UL16NanoAODAPVv9/WZZ_TuneCP5_13TeV-amcatnlo-pythia8/NANOAODSIM/106X_mcRun2_asymptotic_preVFP_v11-v1/70000/860BC4C4-FB8A-5242-B03E-07BA7AAA476B.root",
    "/store/mc/RunIISummer20UL16NanoAODAPVv9/WZZ_TuneCP5_13TeV-amcatnlo-pythia8/NANOAODSIM/106X_mcRun2_asymptotic_preVFP_v11-v1/120000/EFB4CD90-DBBE-874E-B677-F3655263062E.root",
    "/store/mc/RunIISummer20UL16NanoAODAPVv9/WZZ_TuneCP5_13TeV-amcatnlo-pythia8/NANOAODSIM/106X_mcRun2_asymptotic_preVFP_v11-v1/130000/820EE601-BBE1-2941-A6E7-F2016EE4A563.root",
    "/store/mc/RunIISummer20UL16NanoAODAPVv9/WZZ_TuneCP5_13TeV-amcatnlo-pythia8/NANOAODSIM/106X_mcRun2_asymptotic_preVFP_v11-v1/270000/865548D2-5F6B-3C4E-B427-28543082F21A.root"
  ],
  "nEvents": 160000,
  "nGenEvents": 160000,
  "nSumOfWeights": 9141.971308236001,
  "isData": false,
  "nSumOfWeights_ISRUp": 159955.3988579009,
  "nSumOfWeights_ISRDown": 160022.7567063399,
  "nSumOfWeights_FSRUp": 159898.84567832947,
  "nSumOfWeights_FSRDown": 160116.43082427979,
  "nSumOfWeights_renormUp": 153304.678358078,
  "nSumOfWeights_renormDown": 168043.32293891907,
  "nSumOfWeights_factUp": 157076.3176191151,
  "nSumOfWeights_factDown": 163401.76948717237,
  "nSumOfWeights_renormfactUp": 150512.5862979889,
  "nSumOfWeights_renormfactDown": 171669.7522483468
}