{
  "xsec": 35.85,
  "year": "2016APV",
  "treeName": "Events",
  "histAxisName": "tbarW_centralUL16APV",
  "options": "",
  "WCnames": [],
  "files": [
    "/store/mc/RunIISummer20UL16NanoAODAPVv9/ST_tW_antitop_5f_inclusiveDecays_TuneCP5_13TeV-powheg-pythia8/NANOAODSIM/106X_mcRun2_asymptotic_preVFP_v11-v1/120000/D019449E-F6DC-8644-B1F2-DC72C1EA03C8.root",
    "/store/mc/RunIISummer20UL16NanoAODAPVv9/ST_tW_antitop_5f_inclusiveDecays_TuneCP5_13TeV-powheg-pythia8/NANOAODSIM/106X_mcRun2_asymptotic_preVFP_v11-v1/120000/C3E2F782-F1E0-8640-9F5C-03CA73D9265A.root",
    "/store/mc/RunIISummer20UL16NanoAODAPVv9/ST_tW_antitop_5f_inclusiveDecays_TuneCP5_13TeV-powheg-pythia8/NANOAODSIM/106X_mcRun2_asymptotic_preVFP_v11-v1/120000/7C4D6835-DB16-3043-B378-7ED3F701FB49.root",
    "/store/mc/RunIISummer20UL16NanoAODAPVv9/ST_tW_antitop_5f_inclusiveDecays_TuneCP5_13TeV-powheg-pythia8/NANOAODSIM/106X_mcRun2_asymptotic_preVFP_v11-v1/120000/8978CDC8-5901-5844-9F91-7172DDCE718D.root"
  ],
  "nEvents": 2300000,
  "nGenEvents": 2300000,
  "nSumOfWeights": 74766343.79400003,
  "isData": false,
  "nSumOfWeights_ISRUp": 74766651.23675221,
  "nSumOfWeights_ISRDown": 74763880.75395891,
  "nSumOfWeights_FSRUp": 74807604.0859701,
  "nSumOfWeights_FSRDown": 74779441.7073201,
  "nSumOfWeights_renormUp": 71213948.80816697,
  "nSumOfWeights_renormDown": 78393813.16055751,
  "nSumOfWeights_factUp": 76809139.83190636,
  "nSumOfWeights_factDown": 72695960.50066894,
  "nSumOfWeights_renormfactUp": 73385335.31303379,
  "nSumOfWeights_renormfactDown": 76870174.1307097
}