{
  "xsec": 0.01398,
  "year": "2016",
  "treeName": "Events",
  "histAxisName": "ZZZ_centralUL16",
  "options": "",
  "WCnames": [],
  "files": [
    "/store/mc/RunIISummer20UL16NanoAODv9/ZZZ_TuneCP5_13TeV-amcatnlo-pythia8/NANOAODSIM/106X_mcRun2_asymptotic_v17-v1/280000/EA71F810-3009-294C-906A-0F2DBDAD3E43.root",
    "/store/mc/RunIISummer20UL16NanoAODv9/ZZZ_TuneCP5_13TeV-amcatnlo-pythia8/NANOAODSIM/106X_mcRun2_asymptotic_v17-v1/120000/2E96A5E9-C938-A149-BBBF-8FD81A9E5AD6.root",
    "/store/mc/RunIISummer20UL16NanoAODv9/ZZZ_TuneCP5_13TeV-amcatnlo-pythia8/NANOAODSIM/106X_mcRun2_asymptotic_v17-v1/120000/208C46AA-A718-DA45-B0E5-D08D1CF0051E.root",
    "/store/mc/RunIISummer20UL16NanoAODv9/ZZZ_TuneCP5_13TeV-amcatnlo-pythia8/NANOAODSIM/106X_mcRun2_asymptotic_v17-v1/270000/10365726-5ABB-524A-A5F7-507C2AE951F6.root"
  ],
  "nEvents": 72000,
  "nGenEvents": 72000,
  "nSumOfWeights": 1066.5219449800002,
  "isData": false,
  "nSumOfWeights_ISRUp": 1065.6784040159218,
  "nSumOfWeights_ISRDown": 1067.044220156606,
  "nSumOfWeights_FSRUp": 1068.8427349928534,
  "nSumOfWeights_FSRDown": 1066.7890850766562,
  "nSumOfWeights_renormUp": 1046.1485814319535,
  "nSumOfWeights_renormDown": 1090.9127975463941,
  "nSumOfWeights_factUp": 1064.3158589342981,
  "nSumOfWeights_factDown": 1071.4485447854931,
  "nSumOfWeights_renormfactUp": 1043.5990861030562,
  "nSumOfWeights_renormfactDown": 1096.048257594604
}