{
  "xsec": 35.85,
  "year": "2016APV",
  "treeName": "Events",
  "histAxisName": "tW_centralUL16APV",
  "options": "",
  "WCnames": [],
  "files": [
    "/store/mc/RunIISummer20UL16NanoAODAPVv9/ST_tW_top_5f_inclusiveDecays_TuneCP5_13TeV-powheg-pythia8/NANOAODSIM/106X_mcRun2_asymptotic_preVFP_v11-v1/70000/A1D2AA90-1511-5F46-90DF-DA650C683BF9.root",
    "/store/mc/RunIISummer20UL16NanoAODAPVv9/ST_tW_top_5f_inclusiveDecays_TuneCP5_13TeV-powheg-pythia8/NANOAODSIM/106X_mcRun2_asymptotic_preVFP_v11-v1/70000/49FE1519-6DEF-D642-BDBF-D5626C8D7548.root",
    "/store/mc/RunIISummer20UL16NanoAODAPVv9/ST_tW_top_5f_inclusiveDecays_TuneCP5_13TeV-powheg-pythia8/NANOAODSIM/106X_mcRun2_asymptotic_preVFP_v11-v1/70000/CF1E96B8-2E1D-CC46-AD59-CB8DC261119E.root",
    "/store/mc/RunIISummer20UL16NanoAODAPVv9/ST_tW_top_5f_inclusiveDecays_TuneCP5_13TeV-powheg-pythia8/NANOAODSIM/106X_mcRun2_asymptotic_preVFP_v11-v1/70000/96F1F244-16D9-6448-847C-9A7D2FADB34D.root",
    "/store/mc/RunIISummer20UL16NanoAODAPVv9/ST_tW_top_5f_inclusiveDecays_TuneCP5_13TeV-powheg-pythia8/NANOAODSIM/106X_mcRun2_asymptotic_preVFP_v11-v1/70000/AE793875-F030-C54E-8C56-7FB2A20B2222.root"
  ],
  "nEvents": 2300000,
  "nGenEvents": 2300000,
  "nSumOfWeights": 74624666.33600001,
  "isData": false,
  "nSumOfWeights_ISRUp": 2300176.0866560508,
  "nSumOfWeights_ISRDown": 2299877.9965183605,
  "nSumOfWeights_FSRUp": 2299100.4351916313,
  "nSumOfWeights_FSRDown": 2299911.2779312134,
  "nSumOfWeights_renormUp": 2190577.183613777,
  "nSumOfWeights_renormDown": 2411204.734302044,
  "nSumOfWeights_factUp": 2362480.915161133,
  "nSumOfWeights_factDown": 2236274.9962234497,
  "nSumOfWeights_renormfactUp": 2257304.4592723846,
  "nSumOfWeights_renormfactDown": 2364631.023792267
}