{
  "xsec": 0.01398,
  "year": "2016APV",
  "treeName": "Events",
  "histAxisName": "ZZZ_centralUL16APV",
  "options": "",
  "WCnames": [],
  "files": [
    "/store/mc/RunIISummer20UL16NanoAODAPVv9/ZZZ_TuneCP5_13TeV-amcatnlo-pythia8/NANOAODSIM/106X_mcRun2_asymptotic_preVFP_v11-v1/120000/33E9F0BF-7412-634E-B785-F55026787E0D.root",
    "/store/mc/RunIISummer20UL16NanoAODAPVv9/ZZZ_TuneCP5_13TeV-amcatnlo-pythia8/NANOAODSIM/106X_mcRun2_asymptotic_preVFP_v11-v1/280000/14185493-D8D5-5248-B3DE-6500296D5BE0.root",
    "/store/mc/RunIISummer20UL16NanoAODAPVv9/ZZZ_TuneCP5_13TeV-amcatnlo-pythia8/NANOAODSIM/106X_mcRun2_asymptotic_preVFP_v11-v1/280000/AB7BC69B-0953-094E-AD1B-74AA90D700A6.root",
    "/store/mc/RunIISummer20UL16NanoAODAPVv9/ZZZ_TuneCP5_13TeV-amcatnlo-pythia8/NANOAODSIM/106X_mcRun2_asymptotic_preVFP_v11-v1/280000/21379D43-9267-924F-873A-2C3804B5DEE0.root",
    "/store/mc/RunIISummer20UL16NanoAODAPVv9/ZZZ_TuneCP5_13TeV-amcatnlo-pythia8/NANOAODSIM/106X_mcRun2_asymptotic_preVFP_v11-v1/280000/2522E05C-93C5-244F-8730-A70693E5EFF6.root",
    "/store/mc/RunIISummer20UL16NanoAODAPVv9/ZZZ_TuneCP5_13TeV-amcatnlo-pythia8/NANOAODSIM/106X_mcRun2_asymptotic_preVFP_v11-v1/70000/62588C66-81E8-A747-8067-F175E9BCA5B0.root",
    "/store/mc/RunIISummer20UL16NanoAODAPVv9/ZZZ_TuneCP5_13TeV-amcatnlo-pythia8/NANOAODSIM/106X_mcRun2_asymptotic_preVFP_v11-v1/280000/C21689CD-0189-EB47-935C-25325479A89A.root",
    "/store/mc/RunIISummer20UL16NanoAODAPVv9/ZZZ_TuneCP5_13TeV-amcatnlo-pythia8/NANOAODSIM/106X_mcRun2_asymptotic_preVFP_v11-v1/280000/E8FA3539-CB69-7949-956B-217C2DB1F82D.root",
    "/store/mc/RunIISummer20UL16NanoAODAPVv9/ZZZ_TuneCP5_13TeV-amcatnlo-pythia8/NANOAODSIM/106X_mcRun2_asymptotic_preVFP_v11-v1/130000/EDD19BA8-D201-6248-9B21-66769A184A3C.root"
  ],
  "nEvents": 81000,
  "nGenEvents": 81000,
  "nSumOfWeights": 1190.8428809000002,
  "isData": false,
  "nSumOfWeights_ISRUp": 1191.4305952236662,
  "nSumOfWeights_ISRDown": 1190.385830065365,
  "nSumOfWeights_FSRUp": 1188.2136018054734,
  "nSumOfWeights_FSRDown": 1191.325330899679,
  "nSumOfWeights_renormUp": 1168.1791204828044,
  "nSumOfWeights_renormDown": 1217.9762793153645,
  "nSumOfWeights_factUp": 1190.0334398747805,
  "nSumOfWeights_factDown": 1194.589628638687,
  "nSumOfWeights_renormfactUp": 1166.8507895407877,
  "nSumOfWeights_renormfactDown": 1221.7821170069788
}