{
  "xsec": 35.85,
  "year": "2016APV",
  "treeName": "Events",
  "histAxisName": "tbarW_centralUL16APV",
  "options": "",
  "WCnames": [],
  "files": [
    "/store/mc/RunIISummer20UL16NanoAODAPVv9/ST_tW_antitop_5f_inclusiveDecays_TuneCP5_13TeV-powheg-pythia8/NANOAODSIM/106X_mcRun2_asymptotic_preVFP_v11-v1/120000/D019449E-F6DC-8644-B1F2-DC72C1EA03C8.root",
    "/store/mc/RunIISummer20UL16NanoAODAPVv9/ST_tW_antitop_5f_inclusiveDecays_TuneCP5_13TeV-powheg-pythia8/NANOAODSIM/106X_mcRun2_asymptotic_preVFP_v11-v1/120000/C3E2F782-F1E0-8640-9F5C-03CA73D9265A.root",
    "/store/mc/RunIISummer20UL16NanoAODAPVv9/ST_tW_antitop_5f_inclusiveDecays_TuneCP5_13TeV-powheg-pythia8/NANOAODSIM/106X_mcRun2_asymptotic_preVFP_v11-v1/120000/7C4D6835-DB16-3043-B378-7ED3F701FB49.root",
    "/store/mc/RunIISummer20UL16NanoAODAPVv9/ST_tW_antitop_5f_inclusiveDecays_TuneCP5_13TeV-powheg-pythia8/NANOAODSIM/106X_mcRun2_asymptotic_preVFP_v11-v1/120000/8978CDC8-5901-5844-9F91-7172DDCE718D.root"
  ],
  "nEvents": 2300000,
  "nGenEvents": 2300000,
  "nSumOfWeights": 74766343.79400003,
  "isData": false,
  "nSumOfWeights_ISRUp": 2300009.2471934007,
  "nSumOfWeights_ISRDown": 2299923.7323311795,
  "nSumOfWeights_FSRUp": 2301271.401895523,
  "nSumOfWeights_FSRDown": 2300400.6216669083,
  "nSumOfWeights_renormUp": 2190418.462846756,
  "nSumOfWeights_renormDown": 2411388.5364689827,
  "nSumOfWeights_factUp": 2362619.853908539,
  "nSumOfWeights_factDown": 2235990.318136215,
  "nSumOfWeights_renormfactUp": 2257254.3293504715,
  "nSumOfWeights_renormfactDown": 2364454.1609289646
}