{
  "xsec": 0.01398,
  "year": "2018",
  "treeName": "Events",
  "histAxisName": "ZZZ_centralUL18",
  "options": "",
  "WCnames": [],
  "files": [
    "/store/user/awightma/skims/mc/new-lepMVA-v2/central_bkgd_p1/FullRun2/v2/UL18_ZZZ/output_2049.root"
  ],
  "nEvents": 250000,
  "nGenEvents": 250000,
  "nSumOfWeights": 3690.7843549760014,
  "isData": false,
  "nSumOfWeights_ISRUp": 3689.9967157389274,
  "nSumOfWeights_ISRDown": 3691.022729061974,
  "nSumOfWeights_FSRUp": 3684.6025497819646,
  "nSumOfWeights_FSRDown": 3694.0054109502817,
  "nSumOfWeights_renormUp": 3620.226316809998,
  "nSumOfWeights_renormDown": 3775.237914202766,
  "nSumOfWeights_factUp": 3684.862258288898,
  "nSumOfWeights_factDown": 3706.231140470163,
  "nSumOfWeights_renormfactUp": 3612.938334817587,
  "nSumOfWeights_renormfactDown": 3791.19619250505
}