{
  "xsec": 0.1651,
  "year": "2018",
  "treeName": "Events",
  "histAxisName": "WWZ_4F_centralUL18",
  "options": "",
  "WCnames": [],
  "files": [
    "/store/mc/RunIISummer20UL18NanoAODv9/WWZ_4F_TuneCP5_13TeV-amcatnlo-pythia8/NANOAODSIM/106X_upgrade2018_realistic_v16_L1v1-v1/280000/A25FCCBC-6DCF-C14B-993C-E2237016B80E.root",
    "/store/mc/RunIISummer20UL18NanoAODv9/WWZ_4F_TuneCP5_13TeV-amcatnlo-pythia8/NANOAODSIM/106X_upgrade2018_realistic_v16_L1v1-v1/280000/2244966A-B557-E440-B79B-5487339993C6.root",
    "/store/mc/RunIISummer20UL18NanoAODv9/WWZ_4F_TuneCP5_13TeV-amcatnlo-pythia8/NANOAODSIM/106X_upgrade2018_realistic_v16_L1v1-v1/270000/E581EBC4-9604-AE4A-B176-99B8428783B0.root",
    "/store/mc/RunIISummer20UL18NanoAODv9/WWZ_4F_TuneCP5_13TeV-amcatnlo-pythia8/NANOAODSIM/106X_upgrade2018_realistic_v16_L1v1-v1/270000/B64E1EB1-7B6D-FE4C-904F-BD0343620F80.root",
    "/store/mc/RunIISummer20UL18NanoAODv9/WWZ_4F_TuneCP5_13TeV-amcatnlo-pythia8/NANOAODSIM/106X_upgrade2018_realistic_v16_L1v1-v1/70000/E2C28693-66D8-4A46-80E5-E2713A7CBA27.root"
  ],
  "nEvents": 248000,
  "nGenEvents": 248000,
  "nSumOfWeights": 42310.517360879996,
  "isData": false,
  "nSumOfWeights_ISRUp": 42313.25394171925,
  "nSumOfWeights_ISRDown": 42306.505387528065,
  "nSumOfWeights_FSRUp": 42424.91592139681,
  "nSumOfWeights_FSRDown": 42248.653618259355,
  "nSumOfWeights_renormUp": 40860.04025114739,
  "nSumOfWeights_renormDown": 44060.35412449384,
  "nSumOfWeights_factUp": 41683.719667547644,
  "nSumOfWeights_factDown": 43063.95128687469,
  "nSumOfWeights_renormfactUp": 40258.19095423854,
  "nSumOfWeights_renormfactDown": 44863.34873902417
}