{
  "xsec": 0.1651,
  "year": "2018",
  "treeName": "Events",
  "histAxisName": "WWZ_4F_centralUL18",
  "options": "",
  "WCnames": [],
  "files": [
    "/store/mc/RunIISummer20UL18NanoAODv9/WWZ_4F_TuneCP5_13TeV-amcatnlo-pythia8/NANOAODSIM/106X_upgrade2018_realistic_v16_L1v1-v1/280000/A25FCCBC-6DCF-C14B-993C-E2237016B80E.root",
    "/store/mc/RunIISummer20UL18NanoAODv9/WWZ_4F_TuneCP5_13TeV-amcatnlo-pythia8/NANOAODSIM/106X_upgrade2018_realistic_v16_L1v1-v1/280000/2244966A-B557-E440-B79B-5487339993C6.root",
    "/store/mc/RunIISummer20UL18NanoAODv9/WWZ_4F_TuneCP5_13TeV-amcatnlo-pythia8/NANOAODSIM/106X_upgrade2018_realistic_v16_L1v1-v1/270000/E581EBC4-9604-AE4A-B176-99B8428783B0.root",
    "/store/mc/RunIISummer20UL18NanoAODv9/WWZ_4F_TuneCP5_13TeV-amcatnlo-pythia8/NANOAODSIM/106X_upgrade2018_realistic_v16_L1v1-v1/270000/B64E1EB1-7B6D-FE4C-904F-BD0343620F80.root",
    "/store/mc/RunIISummer20UL18NanoAODv9/WWZ_4F_TuneCP5_13TeV-amcatnlo-pythia8/NANOAODSIM/106X_upgrade2018_realistic_v16_L1v1-v1/70000/E2C28693-66D8-4A46-80E5-E2713A7CBA27.root"
  ],
  "nEvents": 248000,
  "nGenEvents": 248000,
  "nSumOfWeights": 42310.517360879996,
  "isData": false,
  "nSumOfWeights_ISRUp": 248040.91808261804,
  "nSumOfWeights_ISRDown": 247954.40655597928,
  "nSumOfWeights_FSRUp": 248463.33409404755,
  "nSumOfWeights_FSRDown": 247607.49058914185,
  "nSumOfWeights_renormUp": 237953.53031921387,
  "nSumOfWeights_renormDown": 260161.68968176842,
  "nSumOfWeights_factUp": 244277.5488486588,
  "nSumOfWeights_factDown": 252326.98356388323,
  "nSumOfWeights_renormfactUp": 234402.8595328331,
  "nSumOfWeights_renormfactDown": 264791.65999641083
}