{
  "xsec": 3.697,
  "year": "2018",
  "treeName": "Events",
  "histAxisName": "TTGJets_centralUL18",
  "options": "",
  "WCnames": [],
  "files": [
    "/store/mc/RunIISummer20UL18NanoAODv9/TTGJets_TuneCP5_13TeV-amcatnloFXFX-madspin-pythia8/NANOAODSIM/106X_upgrade2018_realistic_v16_L1v1-v1/120000/9F799FF9-53C4-4145-9171-B410A7D47F46.root",
    "/store/mc/RunIISummer20UL18NanoAODv9/TTGJets_TuneCP5_13TeV-amcatnloFXFX-madspin-pythia8/NANOAODSIM/106X_upgrade2018_realistic_v16_L1v1-v1/130000/778FE2D0-C4E4-6E4C-8FC8-1F3D3335664F.root",
    "/store/mc/RunIISummer20UL18NanoAODv9/TTGJets_TuneCP5_13TeV-amcatnloFXFX-madspin-pythia8/NANOAODSIM/106X_upgrade2018_realistic_v16_L1v1-v1/270000/1AB50185-598F-9E4C-98A2-0CCB8AD1FFEB.root",
    "/store/mc/RunIISummer20UL18NanoAODv9/TTGJets_TuneCP5_13TeV-amcatnloFXFX-madspin-pythia8/NANOAODSIM/106X_upgrade2018_realistic_v16_L1v1-v1/270000/ED1281D7-8E9F-594B-94BD-04800FE9C26D.root",
    "/store/mc/RunIISummer20UL18NanoAODv9/TTGJets_TuneCP5_13TeV-amcatnloFXFX-madspin-pythia8/NANOAODSIM/106X_upgrade2018_realistic_v16_L1v1-v1/70000/F916823A-00CF-914B-9D2E-7D82100ED27B.root",
    "/store/mc/RunIISummer20UL18NanoAODv9/TTGJets_TuneCP5_13TeV-amcatnloFXFX-madspin-pythia8/NANOAODSIM/106X_upgrade2018_realistic_v16_L1v1-v1/70000/C2BF524C-C67B-3E46-A7D9-50406654A634.root",
    "/store/mc/RunIISummer20UL18NanoAODv9/TTGJets_TuneCP5_13TeV-amcatnloFXFX-madspin-pythia8/NANOAODSIM/106X_upgrade2018_realistic_v16_L1v1-v1/70000/D0DB4F2C-3BE6-B54A-A419-1F1F2285F4C1.root",
    "/store/mc/RunIISummer20UL18NanoAODv9/TTGJets_TuneCP5_13TeV-amcatnloFXFX-madspin-pythia8/NANOAODSIM/106X_upgrade2018_realistic_v16_L1v1-v1/70000/425C3118-0098-544A-8676-83298C2D301A.root",
    "/store/mc/RunIISummer20UL18NanoAODv9/TTGJets_TuneCP5_13TeV-amcatnloFXFX-madspin-pythia8/NANOAODSIM/106X_upgrade2018_realistic_v16_L1v1-v1/280000/AED7D89A-4576-774F-B879-632BD10F0CE8.root"
  ],
  "nEvents": 4437068,
  "nGenEvents": 4437068,
  "nSumOfWeights": 27849497.760000005,
  "isData": false,
  "nSumOfWeights_ISRUp": 27255148.973534986,
  "nSumOfWeights_ISRDown": 28343504.428258564,
  "nSumOfWeights_FSRUp": 27819324.10944055,
  "nSumOfWeights_FSRDown": 27880704.689450204,
  "nSumOfWeights_renormUp": 25109811.442877553,
  "nSumOfWeights_renormDown": 29801996.965337925,
  "nSumOfWeights_factUp": 27479492.111231193,
  "nSumOfWeights_factDown": 28325494.849744678,
  "nSumOfWeights_renormfactUp": 24475186.246607177,
  "nSumOfWeights_renormfactDown": 29609954.390180588
}