{
  "xsec": 0.2086,
  "year": "2018",
  "treeName": "Events",
  "histAxisName": "WWW_4F_centralUL18",
  "options": "",
  "WCnames": [],
  "files": [
    "/store/mc/RunIISummer20UL18NanoAODv9/WWW_4F_TuneCP5_13TeV-amcatnlo-pythia8/NANOAODSIM/106X_upgrade2018_realistic_v16_L1v1-v1/280000/059FD01D-45FF-9648-A2B0-62BA97441F0E.root",
    "/store/mc/RunIISummer20UL18NanoAODv9/WWW_4F_TuneCP5_13TeV-amcatnlo-pythia8/NANOAODSIM/106X_upgrade2018_realistic_v16_L1v1-v1/280000/45536FE0-4DE7-4E43-B43E-DE0ED0EF4B87.root",
    "/store/mc/RunIISummer20UL18NanoAODv9/WWW_4F_TuneCP5_13TeV-amcatnlo-pythia8/NANOAODSIM/106X_upgrade2018_realistic_v16_L1v1-v1/280000/2D098776-10C1-654A-928B-A7F298D65BDB.root",
    "/store/mc/RunIISummer20UL18NanoAODv9/WWW_4F_TuneCP5_13TeV-amcatnlo-pythia8/NANOAODSIM/106X_upgrade2018_realistic_v16_L1v1-v1/280000/6EA62051-8A50-3145-AC8C-FAE38D3FDE59.root",
    "/store/mc/RunIISummer20UL18NanoAODv9/WWW_4F_TuneCP5_13TeV-amcatnlo-pythia8/NANOAODSIM/106X_upgrade2018_realistic_v16_L1v1-v1/70000/2EE2817D-914A-0D4F-A13E-206F6D491894.root"
  ],
  "nEvents": 240000,
  "nGenEvents": 240000,
  "nSumOfWeights": 51638.257653960005,
  "isData": false,
  "nSumOfWeights_ISRUp": 239962.90252958238,
  "nSumOfWeights_ISRDown": 240003.78848496825,
  "nSumOfWeights_FSRUp": 239966.94996070862,
  "nSumOfWeights_FSRDown": 240063.22383880615,
  "nSumOfWeights_renormUp": 230681.16073703766,
  "nSumOfWeights_renormDown": 251320.77821606398,
  "nSumOfWeights_factUp": 237911.1816623211,
  "nSumOfWeights_factDown": 242419.10810053349,
  "nSumOfWeights_renormfactUp": 228729.24596238136,
  "nSumOfWeights_renormfactDown": 253998.18142679334
}