{
  "xsec": 0.1651,
  "year": "2018",
  "treeName": "Events",
  "histAxisName": "WWZ_4F_centralUL18",
  "options": "",
  "WCnames": [],
  "files": [
    "/store/user/awightma/skims/mc/new-lepMVA-v2/central_bkgd_p1/FullRun2/v2/UL18_WWZ_4F/output_1553.root"
  ],
  "nEvents": 248000,
  "nGenEvents": 248000,
  "nSumOfWeights": 42310.517360879996,
  "isData": false,
  "nSumOfWeights_ISRUp": 42313.25394171925,
  "nSumOfWeights_ISRDown": 42306.505387528065,
  "nSumOfWeights_FSRUp": 42424.91592139681,
  "nSumOfWeights_FSRDown": 42248.653618259355,
  "nSumOfWeights_renormUp": 40860.04025114739,
  "nSumOfWeights_renormDown": 44060.35412449384,
  "nSumOfWeights_factUp": 41683.719667547644,
  "nSumOfWeights_factDown": 43063.95128687469,
  "nSumOfWeights_renormfactUp": 40258.19095423854,
  "nSumOfWeights_renormfactDown": 44863.34873902417
}