{
  "xsec": 0.00319,
  "year": "2018",
  "treeName": "Events",
  "histAxisName": "GluGluToContinToZZTo2e2tau_centralUL18",
  "options": "",
  "WCnames": [],
  "files": [
    "/store/mc/RunIISummer20UL18NanoAODv9/GluGluToContinToZZTo2e2tau_TuneCP5_13TeV-mcfm701-pythia8/NANOAODSIM/106X_upgrade2018_realistic_v16_L1v1-v2/110000/0029219E-9E71-CE40-8317-579928A908F7.root",
    "/store/mc/RunIISummer20UL18NanoAODv9/GluGluToContinToZZTo2e2tau_TuneCP5_13TeV-mcfm701-pythia8/NANOAODSIM/106X_upgrade2018_realistic_v16_L1v1-v2/110000/166E52E3-3B80-6B40-BEDC-6D43B6B9678E.root",
    "/store/mc/RunIISummer20UL18NanoAODv9/GluGluToContinToZZTo2e2tau_TuneCP5_13TeV-mcfm701-pythia8/NANOAODSIM/106X_upgrade2018_realistic_v16_L1v1-v2/110000/8FAC0E50-3CCC-9E46-894F-0A57AB156778.root",
    "/store/mc/RunIISummer20UL18NanoAODv9/GluGluToContinToZZTo2e2tau_TuneCP5_13TeV-mcfm701-pythia8/NANOAODSIM/106X_upgrade2018_realistic_v16_L1v1-v2/110000/D12EEDC8-B8EE-0D4C-9AA5-5078CDC9ED60.root",
    "/store/mc/RunIISummer20UL18NanoAODv9/GluGluToContinToZZTo2e2tau_TuneCP5_13TeV-mcfm701-pythia8/NANOAODSIM/106X_upgrade2018_realistic_v16_L1v1-v2/110000/ED26038B-2121-5E46-9067-782E20E81DC8.root",
    "/store/mc/RunIISummer20UL18NanoAODv9/GluGluToContinToZZTo2e2tau_TuneCP5_13TeV-mcfm701-pythia8/NANOAODSIM/106X_upgrade2018_realistic_v16_L1v1-v2/110000/F045D3AE-1F70-A34D-B5A8-07E2434B5B9D.root"
  ],
  "nEvents": 500000,
  "nGenEvents": 500000,
  "nSumOfWeights": 500000.0,
  "isData": false,
  "path": "/store/mc/RunIISummer20UL18NanoAODv9/GluGluToContinToZZTo2e2tau_TuneCP5_13TeV-mcfm701-pythia8/NANOAODSIM/106X_upgrade2018_realistic_v16_L1v1-v2",
  "nSumOfWeights_ISRUp": 499891.113861084,
  "nSumOfWeights_ISRDown": 500088.11976623535,
  "nSumOfWeights_FSRUp": 500074.999502182,
  "nSumOfWeights_FSRDown": 499747.3354949951,
  "nSumOfWeights_renormUp": 500000.0,
  "nSumOfWeights_renormDown": 500000.0,
  "nSumOfWeights_factUp": 500000.0,
  "nSumOfWeights_factDown": 500000.0,
  "nSumOfWeights_renormfactUp": 500000.0,
  "nSumOfWeights_renormfactDown": 500000.0
}