{
    "xsec": 0.1851,
    "year": "2022",
    "treeName": "Events",
    "histAxisName": "WWZ_central2022",
    "options": "",
    "WCnames": [],
    "files": [
        "/store/user/apiccine/run3skimsT3/mc/NAOD_ULv12_lepMVA-run3/2022/Full/v250305/WWZ/output_2539.root",
        "/store/user/apiccine/run3skimsT3/mc/NAOD_ULv12_lepMVA-run3/2022/Full/v250305/WWZ/output_2817.root"
    ],
    "nEvents": 1950044,
    "nGenEvents": 1950044,
    "nSumOfWeights": 361183.86847389996,
    "isData": false,
    "path": "/store/mc/Run3Summer22NanoAODv12/WWZ_4F_TuneCP5_13p6TeV_amcatnlo-pythia8/NANOAODSIM/130X_mcRun3_2022_realistic_v5-v2",
    "nSumOfWeights_ISRUp": 361146.7063811984,
    "nSumOfWeights_ISRDown": 361202.64609023015,
    "nSumOfWeights_FSRUp": 361244.1886842968,
    "nSumOfWeights_FSRDown": 361073.4477426006,
    "nSumOfWeights_renormUp": 348698.15115973767,
    "nSumOfWeights_renormDown": 376242.8182127312,
    "nSumOfWeights_factUp": 356143.5154327253,
    "nSumOfWeights_factDown": 367190.77554450405,
    "nSumOfWeights_renormDown_factUp": 370934.98284419696,
    "nSumOfWeights_renormUp_factDown": 354344.7074585042
}