{
    "xsec": 0.001669,
    "year": "2022",
    "treeName": "Events",
    "histAxisName": "TWZ_TtoLNu_WtoLNu_Zto2L_central2022",
    "options": "",
    "WCnames": [],
    "files": [
        "/store/user/apiccine/run3skimsT3/mc/NAOD_ULv12_lepMVA-run3/2022/Full/v250305/TWZ_TtoLNu_WtoLNu_Zto2L/output_1716.root"
    ],
    "nEvents": 95807,
    "nGenEvents": 95807,
    "nSumOfWeights": 160.65233375489998,
    "isData": false,
    "path": "/store/mc/Run3Summer22NanoAODv12/TWZ_TtoLNu_WtoLNu_Zto2L_DR1_TuneCP5_13p6TeV_amcatnlo-pythia8/NANOAODSIM/130X_mcRun3_2022_realistic_v5-v4",
    "nSumOfWeights_ISRUp": 160.51551958114942,
    "nSumOfWeights_ISRDown": 160.74780735145941,
    "nSumOfWeights_FSRUp": 160.43875741102966,
    "nSumOfWeights_FSRDown": 161.3866067107374,
    "nSumOfWeights_renormUp": 154.2614255657717,
    "nSumOfWeights_renormDown": 166.62997023218122,
    "nSumOfWeights_factUp": 162.3045939823582,
    "nSumOfWeights_factDown": 159.86414228633555,
    "nSumOfWeights_renormDown_factUp": 168.35708487559884,
    "nSumOfWeights_renormUp_factDown": 153.07477931598146
}