{
  "xsec": 87.2,
  "year": "2022",
  "treeName": "Events",
  "histAxisName": "ST_antitop_t-channel_central2022",
  "options": "",
  "WCnames": [],
  "files": [
    "/cms/cephfs/data/store/user/apiccine/run3skimsT3/mc/NAOD_ULv12_lepMVA-run3/2022/Full/v250305/ST_antitop_t_channel/output_376.root"
  ],
  "nEvents": 1433215,
  "nGenEvents": 1433215,
  "nSumOfWeights": 108650617.49421102,
  "isData": false,
  "path": "/store/mc/Run3Summer22NanoAODv12/TbarBQ_t-channel_4FS_TuneCP5_13p6TeV_powheg-madspin-pythia8/NANOAODSIM/130X_mcRun3_2022_realistic_v5-v2",
  "nSumOfWeights_ISRUp": 108647134.65165593,
  "nSumOfWeights_ISRDown": 108651978.31307156,
  "nSumOfWeights_FSRUp": 108681480.65266371,
  "nSumOfWeights_FSRDown": 108493518.96710432,
  "nSumOfWeights_renormUp": 103112516.7686553,
  "nSumOfWeights_renormDown": 113637406.03393257,
  "nSumOfWeights_factUp": 109295321.72727862,
  "nSumOfWeights_factDown": 108508923.40793782,
  "nSumOfWeights_renormDown_factUp": 114691339.35056442,
  "nSumOfWeights_renormUp_factDown": 102949756.35786557
}