{
  "xsec": 145.0,
  "year": "2022",
  "treeName": "Events",
  "histAxisName": "ST_top_t-channel_central2022",
  "options": "",
  "WCnames": [],
  "files": [
    "/cms/cephfs/data/store/user/apiccine/run3skimsT3/mc/NAOD_ULv12_lepMVA-run3/2022/Full/v250305/ST_top_t_channel/output_891.root"
  ],
  "nEvents": 2973675,
  "nGenEvents": 2973675,
  "nSumOfWeights": 370365263.965,
  "isData": false,
  "path": "/store/mc/Run3Summer22NanoAODv12/TBbarQ_t-channel_4FS_TuneCP5_13p6TeV_powheg-madspin-pythia8/NANOAODSIM/130X_mcRun3_2022_realistic_v5-v2",
  "nSumOfWeights_ISRUp": 370360400.3983116,
  "nSumOfWeights_ISRDown": 370354022.14786816,
  "nSumOfWeights_FSRUp": 370333413.48237133,
  "nSumOfWeights_FSRDown": 370407119.4685011,
  "nSumOfWeights_renormUp": 352813486.57363427,
  "nSumOfWeights_renormDown": 385016471.83641154,
  "nSumOfWeights_factUp": 372614055.2670354,
  "nSumOfWeights_factDown": 370030170.14027303,
  "nSumOfWeights_renormDown_factUp": 388537812.9701211,
  "nSumOfWeights_renormUp_factDown": 352260309.4554702
}