{
  "xsec": 0.4114,
  "year": "2022",
  "treeName": "Events",
  "histAxisName": "TTG-1Jets_PTG-100to200_central2022",
  "options": "",
  "WCnames": [],
  "files": [
    "/cms/cephfs/data/store/user/apiccine/run3skimsT3/mc/NAOD_ULv12_lepMVA-run3/2022/Full/v250305/TTG_1Jets_PTG_100to200/output_799.root"
  ],
  "nEvents": 317194,
  "nGenEvents": 317194,
  "nSumOfWeights": 492546.28393599985,
  "isData": false,
  "path": "/store/mc/Run3Summer22NanoAODv12/TTG-1Jets_PTG-100to200_TuneCP5_13p6TeV_amcatnloFXFXold-pythia8/NANOAODSIM/130X_mcRun3_2022_realistic_v5-v3",
  "nSumOfWeights_ISRUp": 500690.52993358043,
  "nSumOfWeights_ISRDown": 482593.6741907871,
  "nSumOfWeights_FSRUp": 492443.88724572957,
  "nSumOfWeights_FSRDown": 495327.8987897709,
  "nSumOfWeights_renormUp": 442689.13570152444,
  "nSumOfWeights_renormDown": 532948.9974529181,
  "nSumOfWeights_factUp": 483830.9081451504,
  "nSumOfWeights_factDown": 503079.9614336941,
  "nSumOfWeights_renormDown_factUp": 535507.8976853061,
  "nSumOfWeights_renormUp_factDown": 459049.9265164875
}