{
  "xsec": 4.216,
  "year": "2022",
  "treeName": "Events",
  "histAxisName": "TTG-1Jets_PTG-10to100_central2022",
  "options": "",
  "WCnames": [],
  "files": [
    "/cms/cephfs/data/store/user/apiccine/run3skimsT3/mc/NAOD_ULv12_lepMVA-run3/2022/Full/v250305/TTG_1Jets_PTG_10to100/output_921.root"
  ],
  "nEvents": 986777,
  "nGenEvents": 986777,
  "nSumOfWeights": 7786355.402891003,
  "isData": false,
  "path": "/store/mc/Run3Summer22NanoAODv12/TTG-1Jets_PTG-10to100_TuneCP5_13p6TeV_amcatnloFXFXold-pythia8/NANOAODSIM/130X_mcRun3_2022_realistic_v5-v1",
  "nSumOfWeights_ISRUp": 7892280.710663337,
  "nSumOfWeights_ISRDown": 7656073.422358172,
  "nSumOfWeights_FSRUp": 7788970.849619627,
  "nSumOfWeights_FSRDown": 7796044.26841104,
  "nSumOfWeights_renormUp": 7017149.817080216,
  "nSumOfWeights_renormDown": 8385312.982645743,
  "nSumOfWeights_factUp": 7685054.754796399,
  "nSumOfWeights_factDown": 7919239.314434256,
  "nSumOfWeights_renormDown_factUp": 8424040.664261594,
  "nSumOfWeights_renormUp_factDown": 7214627.661277562
}