{
  "xsec": 0.2328,
  "year": "2022",
  "treeName": "Events",
  "histAxisName": "WWW_central2022",
  "options": "",
  "WCnames": [],
  "files": [
    "/cms/cephfs/data/store/user/apiccine/run3skimsT3/mc/NAOD_ULv12_lepMVA-run3/2022/Full/v250305/WWW/output_2458.root"
  ],
  "nEvents": 450000,
  "nGenEvents": 450000,
  "nSumOfWeights": 104617.16212712001,
  "isData": false,
  "path": "/store/mc/Run3Summer22NanoAODv12/WWW_4F_TuneCP5_13p6TeV_amcatnlo-madspin-pythia8/NANOAODSIM/130X_mcRun3_2022_realistic_v5-v2",
  "nSumOfWeights_ISRUp": 104602.5015312129,
  "nSumOfWeights_ISRDown": 104635.58233773927,
  "nSumOfWeights_FSRUp": 104615.73002519272,
  "nSumOfWeights_FSRDown": 104407.77205895912,
  "nSumOfWeights_renormUp": 101297.67373801276,
  "nSumOfWeights_renormDown": 108629.01910490419,
  "nSumOfWeights_factUp": 103671.68588490764,
  "nSumOfWeights_factDown": 105746.85343038329,
  "nSumOfWeights_renormDown_factUp": 107596.47834505336,
  "nSumOfWeights_renormUp_factDown": 102312.80600166493
}