{
    "xsec": 5.31,
    "year": "2022",
    "treeName": "Events",
    "histAxisName": "WZTo3LNu_central2022",
    "options": "",
    "WCnames": [],
    "files": [
        "/store/user/apiccine/run3skimsT3/mc/NAOD_ULv12_lepMVA-run3/2022/Full/v250305/WZTo3LNu/output_2618.root",
        "/store/user/apiccine/run3skimsT3/mc/NAOD_ULv12_lepMVA-run3/2022/Full/v250305/WZTo3LNu/output_2935.root",
        "/store/user/apiccine/run3skimsT3/mc/NAOD_ULv12_lepMVA-run3/2022/Full/v250305/WZTo3LNu/output_2665.root",
        "/store/user/apiccine/run3skimsT3/mc/NAOD_ULv12_lepMVA-run3/2022/Full/v250305/WZTo3LNu/output_2715.root"
    ],
    "nEvents": 2776339,
    "nGenEvents": 2776339,
    "nSumOfWeights": 13670492.955100002,
    "isData": false,
    "path": "/store/mc/Run3Summer22NanoAODv12/WZto3LNu_TuneCP5_13p6TeV_powheg-pythia8/NANOAODSIM/130X_mcRun3_2022_realistic_v5-v2",
    "nSumOfWeights_ISRUp": 13670814.086296696,
    "nSumOfWeights_ISRDown": 13669727.978979856,
    "nSumOfWeights_FSRUp": 13670601.998497486,
    "nSumOfWeights_FSRDown": 13671632.894630149,
    "nSumOfWeights_renormUp": 13373776.336423945,
    "nSumOfWeights_renormDown": 14031794.479222883,
    "nSumOfWeights_factUp": 13992494.790236102,
    "nSumOfWeights_factDown": 13189738.670925073,
    "nSumOfWeights_renormDown_factUp": 14291959.324460495,
    "nSumOfWeights_renormUp_factDown": 12849309.861149004
}