{
  "xsec": 0.06,
  "year": "2022",
  "treeName": "Events",
  "histAxisName": "WZZ_central2022",
  "options": "",
  "WCnames": [],
  "files": [
    "/cms/cephfs/data/store/user/apiccine/run3skimsT3/mc/NAOD_ULv12_lepMVA-run3/2022/Full/v250305/WZZ/output_2676.root",
    "/cms/cephfs/data/store/user/apiccine/run3skimsT3/mc/NAOD_ULv12_lepMVA-run3/2022/Full/v250305/WZZ/output_2799.root"
  ],
  "nEvents": 1987058,
  "nGenEvents": 1987058,
  "nSumOfWeights": 123336.89571973603,
  "isData": false,
  "path": "/store/mc/Run3Summer22NanoAODv12/WZZ_TuneCP5_13p6TeV_amcatnlo-pythia8/NANOAODSIM/130X_mcRun3_2022_realistic_v5-v2",
  "nSumOfWeights_ISRUp": 123319.90620547002,
  "nSumOfWeights_ISRDown": 123347.77982563023,
  "nSumOfWeights_FSRUp": 123319.39217908471,
  "nSumOfWeights_FSRDown": 123332.00529423507,
  "nSumOfWeights_renormUp": 118867.02476689089,
  "nSumOfWeights_renormDown": 128688.49700171931,
  "nSumOfWeights_factUp": 121215.95204688825,
  "nSumOfWeights_factDown": 125862.25655107651,
  "nSumOfWeights_renormDown_factUp": 126458.88651541382,
  "nSumOfWeights_renormUp_factDown": 121248.96861421278
}