{
  "xsec": 0.00313,
  "year": "2022",
  "treeName": "Events",
  "histAxisName": "ZG_MLL-50_PTG-400to600_central2022",
  "options": "",
  "WCnames": [],
  "files": [
    "/cms/cephfs/data/store/user/apiccine/run3skimsT3/mc/NAOD_ULv12_lepMVA-run3/2022/Full/v250711/ZG_MLL_50_PTG_400to600/output_558.root",
    "/cms/cephfs/data/store/user/apiccine/run3skimsT3/mc/NAOD_ULv12_lepMVA-run3/2022/Full/v250711/ZG_MLL_50_PTG_400to600/output_731.root"
  ],
  "nEvents": 477279,
  "nGenEvents": 477279,
  "nSumOfWeights": 4122.494491225,
  "isData": false,
  "path": "/DYGto2LG-1Jets_MLL-50_PTG-400to600_TuneCP5_13p6TeV_amcatnloFXFX-pythia8/Run3Summer22NanoAODv12-130X_mcRun3_2022_realistic_v5-v2/NANOAODSIM",
  "nSumOfWeights_ISRUp": 4153.628201288014,
  "nSumOfWeights_ISRDown": 4083.003832442243,
  "nSumOfWeights_FSRUp": 4118.777822208533,
  "nSumOfWeights_FSRDown": 4138.876021367847,
  "nSumOfWeights_renormUp": 3919.770117836539,
  "nSumOfWeights_renormDown": 4346.935022227628,
  "nSumOfWeights_factUp": 4055.878066499593,
  "nSumOfWeights_factDown": 4211.177541689724,
  "nSumOfWeights_renormDown_factUp": 4305.49310653398,
  "nSumOfWeights_renormUp_factDown": 4025.0180101228143
}