{
    "xsec": 0.2413,
    "year": "2022",
    "treeName": "Events",
    "histAxisName": "ZG_MLL-4to50_PTG-100to200_central2022",
    "options": "",
    "WCnames": [],
    "files": [
        "/store/user/apiccine/run3skimsT3/mc/NAOD_ULv12_lepMVA-run3/2022/Full/v250711/ZG_MLL_4to50_PTG_100to200/output_709.root"
    ],
    "nEvents": 391451,
    "nGenEvents": 391451,
    "nSumOfWeights": 548755.3641867002,
    "isData": false,
    "path": "/DYGto2LG-1Jets_MLL-4to50_PTG-100to200_TuneCP5_13p6TeV_amcatnloFXFX-pythia8/Run3Summer22NanoAODv12-130X_mcRun3_2022_realistic_v5-v2/NANOAODSIM",
    "nSumOfWeights_ISRUp": 550290.1260452133,
    "nSumOfWeights_ISRDown": 546775.395652878,
    "nSumOfWeights_FSRUp": 549015.8851561695,
    "nSumOfWeights_FSRDown": 548760.8709420785,
    "nSumOfWeights_renormUp": 504463.95301853144,
    "nSumOfWeights_renormDown": 603846.6979326467,
    "nSumOfWeights_factUp": 551499.8633006136,
    "nSumOfWeights_factDown": 545715.0176740502,
    "nSumOfWeights_renormDown_factUp": 606650.5551711271,
    "nSumOfWeights_renormUp_factDown": 501070.8662539324
}