{
  "xsec": 0.02224,
  "year": "2022",
  "treeName": "Events",
  "histAxisName": "ZG_MLL-4to50_PTG-200_central2022",
  "options": "",
  "WCnames": [],
  "files": [
    "/cms/cephfs/data/store/user/apiccine/run3skimsT3/mc/NAOD_ULv12_lepMVA-run3/2022/Full/v250711/ZG_MLL_4to50_PTG_200/output_516.root"
  ],
  "nEvents": 185067,
  "nGenEvents": 185067,
  "nSumOfWeights": 11702.63146689,
  "isData": false,
  "path": "/DYGto2LG-1Jets_MLL-4to50_PTG-200_TuneCP5_13p6TeV_amcatnloFXFX-pythia8/Run3Summer22NanoAODv12-130X_mcRun3_2022_realistic_v5-v2/NANOAODSIM",
  "nSumOfWeights_ISRUp": 11737.490987341313,
  "nSumOfWeights_ISRDown": 11657.346073127543,
  "nSumOfWeights_FSRUp": 11715.337179070339,
  "nSumOfWeights_FSRDown": 11688.218172122957,
  "nSumOfWeights_renormUp": 10801.698181188709,
  "nSumOfWeights_renormDown": 12811.340010300793,
  "nSumOfWeights_factUp": 11540.577682881285,
  "nSumOfWeights_factDown": 11909.87076195977,
  "nSumOfWeights_renormDown_factUp": 12663.173787984677,
  "nSumOfWeights_renormUp_factDown": 11009.17418437652
}