{
    "xsec": 4.216,
    "year": "2023",
    "treeName": "Events",
    "histAxisName": "TTG-1Jets_PTG-10to100_central2023",
    "options": "",
    "WCnames": [],
    "files": [
        "/store/user/apiccine/run3skimsT3/mc/NAOD_ULv12_lepMVA-run3/2023/Full/v250305/TTG_1Jets_PTG_10to100/output_1028.root",
        "/store/user/apiccine/run3skimsT3/mc/NAOD_ULv12_lepMVA-run3/2023/Full/v250305/TTG_1Jets_PTG_10to100/output_1192.root",
        "/store/user/apiccine/run3skimsT3/mc/NAOD_ULv12_lepMVA-run3/2023/Full/v250305/TTG_1Jets_PTG_10to100/output_1177.root"
    ],
    "nEvents": 1976537,
    "nGenEvents": 1976537,
    "nSumOfWeights": 15663496.947501002,
    "isData": false,
    "path": "/store/mc/Run3Summer23NanoAODv12/TTG-1Jets_PTG-10to100_TuneCP5_13p6TeV_amcatnloFXFXold-pythia8/NANOAODSIM/130X_mcRun3_2023_realistic_v15-v2",
    "nSumOfWeights_ISRUp": 15883914.085963134,
    "nSumOfWeights_ISRDown": 15391490.062179254,
    "nSumOfWeights_FSRUp": 15669267.540921032,
    "nSumOfWeights_FSRDown": 15680306.3128694,
    "nSumOfWeights_renormUp": 14112430.685193881,
    "nSumOfWeights_renormDown": 16875144.875003457,
    "nSumOfWeights_factUp": 15479275.682860514,
    "nSumOfWeights_factDown": 15905776.18301969,
    "nSumOfWeights_renormDown_factUp": 16980649.221172594,
    "nSumOfWeights_renormUp_factDown": 14491275.439149383
}