{
    "xsec": 145.0,
    "year": "2023",
    "treeName": "Events",
    "histAxisName": "ST_top_t-channel_central2023",
    "options": "",
    "WCnames": [],
    "files": [
        "/store/user/apiccine/run3skimsT3/mc/NAOD_ULv12_lepMVA-run3/2023/Full/v250305/ST_top_t_channel/output_1370.root",
        "/store/user/apiccine/run3skimsT3/mc/NAOD_ULv12_lepMVA-run3/2023/Full/v250305/ST_top_t_channel/output_1157.root"
    ],
    "nEvents": 5786000,
    "nGenEvents": 5786000,
    "nSumOfWeights": 720434413.2420002,
    "isData": false,
    "path": "/store/mc/Run3Summer23NanoAODv12/TBbarQ_t-channel_4FS_TuneCP5_13p6TeV_powheg-madspin-pythia8/NANOAODSIM/130X_mcRun3_2023_realistic_v15-v2",
    "nSumOfWeights_ISRUp": 720405733.584972,
    "nSumOfWeights_ISRDown": 720426596.5021683,
    "nSumOfWeights_FSRUp": 720383579.0987062,
    "nSumOfWeights_FSRDown": 720419410.415706,
    "nSumOfWeights_renormUp": 686523523.4954911,
    "nSumOfWeights_renormDown": 748672990.8720003,
    "nSumOfWeights_factUp": 725036892.8597007,
    "nSumOfWeights_factDown": 719649638.3679543,
    "nSumOfWeights_renormDown_factUp": 755760444.8719591,
    "nSumOfWeights_renormUp_factDown": 685299481.16343
}