{
  "xsec": 87.2,
  "year": "2023",
  "treeName": "Events",
  "histAxisName": "ST_antitop_t-channel_central2023",
  "options": "",
  "WCnames": [],
  "files": [
    "/cms/cephfs/data/store/user/apiccine/run3skimsT3/mc/NAOD_ULv12_lepMVA-run3/2023/Full/v250305/ST_antitop_t_channel/output_515.root"
  ],
  "nEvents": 2878000,
  "nGenEvents": 2878000,
  "nSumOfWeights": 218221665.99639398,
  "isData": false,
  "path": "/store/mc/Run3Summer23NanoAODv12/TbarBQ_t-channel_4FS_TuneCP5_13p6TeV_powheg-madspin-pythia8/NANOAODSIM/130X_mcRun3_2023_realistic_v15-v2/",
  "nSumOfWeights_ISRUp": 218193193.219545,
  "nSumOfWeights_ISRDown": 218247599.31433102,
  "nSumOfWeights_FSRUp": 218258085.1919539,
  "nSumOfWeights_FSRDown": 218221029.29357553,
  "nSumOfWeights_renormUp": 207196642.00384527,
  "nSumOfWeights_renormDown": 228075995.73825377,
  "nSumOfWeights_factUp": 219543437.51640582,
  "nSumOfWeights_factDown": 217928945.99713707,
  "nSumOfWeights_renormDown_factUp": 230223790.08875376,
  "nSumOfWeights_renormUp_factDown": 206858909.40642458
}