{
    "xsec": 0.1284,
    "year": "2023",
    "treeName": "Events",
    "histAxisName": "TTG-1Jets_PTG-200_central2023",
    "options": "",
    "WCnames": [],
    "files": [
        "/store/user/apiccine/run3skimsT3/mc/NAOD_ULv12_lepMVA-run3/2023/Full/v250305/TTG_1Jets_PTG_200/output_1092.root"
    ],
    "nEvents": 606104,
    "nGenEvents": 606104,
    "nSumOfWeights": 221944.60146319994,
    "isData": false,
    "path": "/store/mc/Run3Summer23NanoAODv12/TTG-1Jets_PTG-200_TuneCP5_13p6TeV_amcatnloFXFXold-pythia8/NANOAODSIM/130X_mcRun3_2023_realistic_v15-v2",
    "nSumOfWeights_ISRUp": 225467.75377418404,
    "nSumOfWeights_ISRDown": 217610.23781807194,
    "nSumOfWeights_FSRUp": 221906.84193996713,
    "nSumOfWeights_FSRDown": 221941.38757683244,
    "nSumOfWeights_renormUp": 202661.37166914775,
    "nSumOfWeights_renormDown": 233615.75115030326,
    "nSumOfWeights_factUp": 217496.78734991883,
    "nSumOfWeights_factDown": 226783.93115190417,
    "nSumOfWeights_renormDown_factUp": 235983.84194595227,
    "nSumOfWeights_renormUp_factDown": 211445.80200263066
}