{
  "xsec": 0.2328,
  "year": "2023BPix",
  "treeName": "Events",
  "histAxisName": "WWW_central2023BPix",
  "options": "",
  "WCnames": [],
  "files": [
    "/store/mc/Run3Summer23BPixNanoAODv12/WWW_4F_TuneCP5_13p6TeV_amcatnlo-madspin-pythia8/NANOAODSIM/130X_mcRun3_2023_realistic_postBPix_v2-v2/30000/3d8d268d-dd12-40cf-aac6-1dc4e54b842b.root",
    "/store/mc/Run3Summer23BPixNanoAODv12/WWW_4F_TuneCP5_13p6TeV_amcatnlo-madspin-pythia8/NANOAODSIM/130X_mcRun3_2023_realistic_postBPix_v2-v2/30000/a68965b4-92ce-4333-8598-b3490058c6fc.root"
  ],
  "nEvents": 466500,
  "nGenEvents": 466500,
  "nSumOfWeights": 108441.08068518,
  "isData": false,
  "path": "/store/mc/Run3Summer23BPixNanoAODv12/WWW_4F_TuneCP5_13p6TeV_amcatnlo-madspin-pythia8/NANOAODSIM/130X_mcRun3_2023_realistic_postBPix_v2-v2",
  "nSumOfWeights_ISRUp": 108463.4996358025,
  "nSumOfWeights_ISRDown": 108399.82021889502,
  "nSumOfWeights_FSRUp": 108476.3857775908,
  "nSumOfWeights_FSRDown": 108336.3456989422,
  "nSumOfWeights_renormUp": 104996.34480076823,
  "nSumOfWeights_renormDown": 112604.36599851435,
  "nSumOfWeights_factUp": 107504.72329749461,
  "nSumOfWeights_factDown": 109564.99802721178,
  "nSumOfWeights_renormDown_factUp": 111582.8434672021,
  "nSumOfWeights_renormUp_factDown": 106006.12977491989
}