{
  "xsec": 0.06,
  "year": "2023BPix",
  "treeName": "Events",
  "histAxisName": "WZZ_central2023BPix",
  "options": "",
  "WCnames": [],
  "files": [
    "/store/mc/Run3Summer23BPixNanoAODv12/WZZ_TuneCP5_13p6TeV_amcatnlo-pythia8/NANOAODSIM/130X_mcRun3_2023_realistic_postBPix_v2-v2/2540000/98385129-acd8-4458-a4d3-9f8e13e8ae67.root",
    "/store/mc/Run3Summer23BPixNanoAODv12/WZZ_TuneCP5_13p6TeV_amcatnlo-pythia8/NANOAODSIM/130X_mcRun3_2023_realistic_postBPix_v2-v2/2540000/e5f68a87-f084-4afe-a3e1-dec5a3776d5f.root",
    "/store/mc/Run3Summer23BPixNanoAODv12/WZZ_TuneCP5_13p6TeV_amcatnlo-pythia8/NANOAODSIM/130X_mcRun3_2023_realistic_postBPix_v2-v2/2540000/e65463df-dec9-4968-81ea-a0a2f6fdf51d.root",
    "/store/mc/Run3Summer23BPixNanoAODv12/WZZ_TuneCP5_13p6TeV_amcatnlo-pythia8/NANOAODSIM/130X_mcRun3_2023_realistic_postBPix_v2-v2/2540000/c0d91f45-8af6-474b-815f-c99a53fb3744.root",
    "/store/mc/Run3Summer23BPixNanoAODv12/WZZ_TuneCP5_13p6TeV_amcatnlo-pythia8/NANOAODSIM/130X_mcRun3_2023_realistic_postBPix_v2-v2/2540000/48eabc9f-dc69-4ec4-bf33-c7f9d67087b6.root",
    "/store/mc/Run3Summer23BPixNanoAODv12/WZZ_TuneCP5_13p6TeV_amcatnlo-pythia8/NANOAODSIM/130X_mcRun3_2023_realistic_postBPix_v2-v2/2540000/d2fe54d3-de85-4dc8-bf5a-3dde86f6a00e.root",
    "/store/mc/Run3Summer23BPixNanoAODv12/WZZ_TuneCP5_13p6TeV_amcatnlo-pythia8/NANOAODSIM/130X_mcRun3_2023_realistic_postBPix_v2-v2/2540000/29147c94-4344-4155-9216-4de71fe023a2.root",
    "/store/mc/Run3Summer23BPixNanoAODv12/WZZ_TuneCP5_13p6TeV_amcatnlo-pythia8/NANOAODSIM/130X_mcRun3_2023_realistic_postBPix_v2-v2/2540000/614cfa50-97f0-4c2d-9c82-aa209652f89e.root",
    "/store/mc/Run3Summer23BPixNanoAODv12/WZZ_TuneCP5_13p6TeV_amcatnlo-pythia8/NANOAODSIM/130X_mcRun3_2023_realistic_postBPix_v2-v2/2540000/90c6732f-a4f5-4a2b-aa4a-def26c066104.root"
  ],
  "nEvents": 1788000,
  "nGenEvents": 1788000,
  "nSumOfWeights": 110958.12963803203,
  "isData": false,
  "path": "/store/mc/Run3Summer23BPixNanoAODv12//WZZ_TuneCP5_13p6TeV_amcatnlo-pythia8/NANOAODSIM/130X_mcRun3_2023_realistic_postBPix_v2-v2",
  "nSumOfWeights_ISRUp": 110959.56491971723,
  "nSumOfWeights_ISRDown": 110944.56586009474,
  "nSumOfWeights_FSRUp": 110967.85484032356,
  "nSumOfWeights_FSRDown": 110877.46771517152,
  "nSumOfWeights_renormUp": 106931.8049157365,
  "nSumOfWeights_renormDown": 115778.15698598498,
  "nSumOfWeights_factUp": 109022.49450624007,
  "nSumOfWeights_factDown": 113261.56366651498,
  "nSumOfWeights_renormDown_factUp": 113741.83647597197,
  "nSumOfWeights_renormUp_factDown": 109103.25420133166
}