{
  "FlipSF_eta": {
    "[-3,-1.479]": 1.291626905369058,
    "[-1.479,0]": 1.3072396930236772,
    "[0,1.479]": 1.2134780817393458,
    "[1.479,3]": 1.0996528605605116
  }
}