{
  "FlipSF": {
    "eta": {
      "eta:[-2.5,-1]": {
        "value": 1.236434017658802
      },
      "eta:[-1,0]": {
        "value": 1.279518274522855
      },
      "eta:[0,1]": {
        "value": 1.2025629414194476
      },
      "eta:[1,2.5]": {
        "value": 1.062296670256637
      }
    }
  }
}
