{
  "FlipSF_eta": {
    "[-3,-1.479]": 1.167972903582562,
    "[-1.479,0]": 0.946479548121487,
    "[0,1.479]": 0.908039656717106,
    "[1.479,3]": 1.0463737515768372
  }
}