{
  "FlipSF_eta": {
    "[-3,-1.479]": 1.2749435762162193,
    "[-1.479,0]": 1.1767044124946526,
    "[0,1.479]": 1.1711538376651343,
    "[1.479,3]": 1.1425524611317592
  }
}