{
  "FlipSF_eta": {
    "[-3,-1.479]": 1.2376342077500533,
    "[-1.479,0]": 1.1612072681937724,
    "[0,1.479]": 1.155853898164067,
    "[1.479,3]": 1.1278936821633403
  }
}