{
  "FlipSF_eta": {
    "[-3,-1.479]": 1.1995403137199527,
    "[-1.479,0]": 1.2113240936960992,
    "[0,1.479]": 1.0453796987719246,
    "[1.479,3]": 1.0039663627165765
  }
}