{
  "2022EE": {
    "eta": {
      "eta:[-2.5,-1]": {
        "value": 1.187376267462672
      },
      "eta:[-1,0]": {
        "value": 1.010559037300217
      },
      "eta:[0,1]": {
        "value": 0.9649872871278418
      },
      "eta:[1,2.5]": {
        "value": 1.064175732907648
      }
    }
  }
}