{
  "2023": {
    "eta": {
      "eta:[-2.5,-1]": {
        "value": 1.2637174567071463
      },
      "eta:[-1,0]": {
        "value": 1.1638271119080068
      },
      "eta:[0,1]": {
        "value": 1.254053103917393
      },
      "eta:[1,2.5]": {
        "value": 1.1605708489744215
      }
    }
  }
}
