{
  "FlipSF_eta": {
    "[-3,-1.479]": 1.2266938400527216,
    "[-1.479,0]": 1.0460691103094697,
    "[0,1.479]": 1.0077375143148999,
    "[1.479,3]": 1.0849485476490843
  }
}