{
  "FlipSF_eta": {
    "[-3,-1.479]": 1.2942014871306062,
    "[-1.479,0]": 1.2996722527464504,
    "[0,1.479]": 1.3115953963686158,
    "[1.479,3]": 1.2313684626668313
  }
}