{
  "FlipSF_eta": {
    "[-3,-1.479]": 1.3134467148590643,
    "[-1.479,0]": 1.2272380960585536,
    "[0,1.479]": 1.2106104757459848,
    "[1.479,3]": 1.1713000638356164
  }
}