{
  "2022EE": {
    "eta": {
      "eta:[-2.5,-1]": {
        "value": 1.2539286227513056
      },
      "eta:[-1,0]": {
        "value": 1.2073917193520818
      },
      "eta:[0,1]": {
        "value": 1.2231650167909889
      },
      "eta:[1,2.5]": {
        "value": 1.1815409950794076
      }
    }
  }
}