{
    "xsec": 0.04331,
    "year": "2022EE",
    "treeName": "Events",
    "histAxisName": "ZG_MLL-50_PTG-200to400_central2022EE",
    "options": "",
    "WCnames": [],
    "files": [
        "/store/user/apiccine/run3skimsT3/mc/NAOD_ULv12_lepMVA-run3/2022EE/Full/v250713/ZG_MLL_50_PTG_200to400/output_2166.root",
        "/store/user/apiccine/run3skimsT3/mc/NAOD_ULv12_lepMVA-run3/2022EE/Full/v250713/ZG_MLL_50_PTG_200to400/output_1323.root",
        "/store/user/apiccine/run3skimsT3/mc/NAOD_ULv12_lepMVA-run3/2022EE/Full/v250713/ZG_MLL_50_PTG_200to400/output_788.root",
        "/store/user/apiccine/run3skimsT3/mc/NAOD_ULv12_lepMVA-run3/2022EE/Full/v250713/ZG_MLL_50_PTG_200to400/output_689.root",
        "/store/user/apiccine/run3skimsT3/mc/NAOD_ULv12_lepMVA-run3/2022EE/Full/v250713/ZG_MLL_50_PTG_200to400/output_977.root",
        "/store/user/apiccine/run3skimsT3/mc/NAOD_ULv12_lepMVA-run3/2022EE/Full/v250713/ZG_MLL_50_PTG_200to400/output_976.root"
    ],
    "nEvents": 1785572,
    "nGenEvents": 1785572,
    "nSumOfWeights": 264963.83336302,
    "isData": false,
    "path": "/DYGto2LG-1Jets_MLL-50_PTG-200to400_TuneCP5_13p6TeV_amcatnloFXFX-pythia8/Run3Summer22EENanoAODv12-130X_mcRun3_2022_realistic_postEE_v6-v2/NANOAODSIM",
    "nSumOfWeights_ISRUp": 267226.0343526638,
    "nSumOfWeights_ISRDown": 262123.6401660638,
    "nSumOfWeights_FSRUp": 265368.86864604335,
    "nSumOfWeights_FSRDown": 264203.7915703687,
    "nSumOfWeights_renormUp": 252457.20948035698,
    "nSumOfWeights_renormDown": 278876.3514454786,
    "nSumOfWeights_factUp": 263219.3332972526,
    "nSumOfWeights_factDown": 267938.0301328013,
    "nSumOfWeights_renormDown_factUp": 278086.5099852852,
    "nSumOfWeights_renormUp_factDown": 255865.58782975233
}