{
    "xsec": 0.4114,
    "year": "2022EE",
    "treeName": "Events",
    "histAxisName": "TTG-1Jets_PTG-100to200_central2022EE",
    "options": "",
    "WCnames": [],
    "files": [
        "/store/user/apiccine/run3skimsT3/mc/NAOD_ULv12_lepMVA-run3/2022EE/Full/v250305/TTG_1Jets_PTG_100to200/output_1063.root",
        "/store/user/apiccine/run3skimsT3/mc/NAOD_ULv12_lepMVA-run3/2022EE/Full/v250305/TTG_1Jets_PTG_100to200/output_1062.root"
    ],
    "nEvents": 997649,
    "nGenEvents": 997649,
    "nSumOfWeights": 1539109.0236374997,
    "isData": false,
    "path": "/store/mc/Run3Summer22EENanoAODv12/TTG-1Jets_PTG-100to200_TuneCP5_13p6TeV_amcatnloFXFXold-pythia8/NANOAODSIM/130X_mcRun3_2022_realistic_postEE_v6-v3",
    "nSumOfWeights_ISRUp": 1563617.2765048607,
    "nSumOfWeights_ISRDown": 1509067.597631385,
    "nSumOfWeights_FSRUp": 1539688.3205613866,
    "nSumOfWeights_FSRDown": 1534795.2353121843,
    "nSumOfWeights_renormUp": 1384760.7423795,
    "nSumOfWeights_renormDown": 1662360.1073048646,
    "nSumOfWeights_factUp": 1510098.6200255065,
    "nSumOfWeights_factDown": 1573975.5348852023,
    "nSumOfWeights_renormDown_factUp": 1667972.6359482044,
    "nSumOfWeights_renormUp_factDown": 1437372.807811879
}