{
    "xsec": 0.1284,
    "year": "2022EE",
    "treeName": "Events",
    "histAxisName": "TTG-1Jets_PTG-200_central2022EE",
    "options": "",
    "WCnames": [],
    "files": [
        "/store/user/apiccine/run3skimsT3/mc/NAOD_ULv12_lepMVA-run3/2022EE/Full/v250305/TTG_1Jets_PTG_200/output_1314.root",
        "/store/user/apiccine/run3skimsT3/mc/NAOD_ULv12_lepMVA-run3/2022EE/Full/v250305/TTG_1Jets_PTG_200/output_1166.root"
    ],
    "nEvents": 1041354,
    "nGenEvents": 1041354,
    "nSumOfWeights": 383827.55636700016,
    "isData": false,
    "path": "/store/mc/Run3Summer22EENanoAODv12/TTG-1Jets_PTG-200_TuneCP5_13p6TeV_amcatnloFXFXold-pythia8/NANOAODSIM/130X_mcRun3_2022_realistic_postEE_v6-v3",
    "nSumOfWeights_ISRUp": 390206.9509213461,
    "nSumOfWeights_ISRDown": 376009.1754491009,
    "nSumOfWeights_FSRUp": 384501.210103713,
    "nSumOfWeights_FSRDown": 383056.6190494234,
    "nSumOfWeights_renormUp": 350132.4366384544,
    "nSumOfWeights_renormDown": 404877.426482272,
    "nSumOfWeights_factUp": 375349.8170703276,
    "nSumOfWeights_factDown": 393161.03857014014,
    "nSumOfWeights_renormDown_factUp": 407848.76761849143,
    "nSumOfWeights_renormUp_factDown": 366033.3058196929
}