{
    "xsec": 0.003338,
    "year": "2022EE",
    "treeName": "Events",
    "histAxisName": "TWZ_TtoLNu_Wto2Q_Zto2L_central2022EE",
    "options": "",
    "WCnames": [],
    "files": [
        "/store/user/apiccine/run3skimsT3/mc/NAOD_ULv12_lepMVA-run3/2022EE/Full/v250305/TWZ_TtoLNu_Wto2Q_Zto2L/output_3056.root"
    ],
    "nEvents": 45954,
    "nGenEvents": 45954,
    "nSumOfWeights": 153.1017780396,
    "isData": false,
    "path": "/store/mc/Run3Summer22EENanoAODv12/TWZ_TtoLNu_Wto2Q_Zto2L_DR1_TuneCP5_13p6TeV_amcatnlo-pythia8/NANOAODSIM/130X_mcRun3_2022_realistic_postEE_v6-v4",
    "nSumOfWeights_ISRUp": 153.11867667734623,
    "nSumOfWeights_ISRDown": 153.11133912671357,
    "nSumOfWeights_FSRUp": 153.72973698808346,
    "nSumOfWeights_FSRDown": 150.7417927069182,
    "nSumOfWeights_renormUp": 147.00125681566414,
    "nSumOfWeights_renormDown": 158.8157651552477,
    "nSumOfWeights_factUp": 154.82104902864154,
    "nSumOfWeights_factDown": 152.32630555778252,
    "nSumOfWeights_renormDown_factUp": 160.6386576164199,
    "nSumOfWeights_renormUp_factDown": 145.85122800334355
}