{
    "xsec": 0.3493,
    "year": "2022EE",
    "treeName": "Events",
    "histAxisName": "ZG_MLL-50_PTG-100to200_central2022EE",
    "options": "",
    "WCnames": [],
    "files": [
        "/store/user/apiccine/run3skimsT3/mc/NAOD_ULv12_lepMVA-run3/2022EE/Full/v250713/ZG_MLL_50_PTG_100to200/output_2151.root",
        "/store/user/apiccine/run3skimsT3/mc/NAOD_ULv12_lepMVA-run3/2022EE/Full/v250713/ZG_MLL_50_PTG_100to200/output_2152.root",
        "/store/user/apiccine/run3skimsT3/mc/NAOD_ULv12_lepMVA-run3/2022EE/Full/v250713/ZG_MLL_50_PTG_100to200/output_970.root",
        "/store/user/apiccine/run3skimsT3/mc/NAOD_ULv12_lepMVA-run3/2022EE/Full/v250713/ZG_MLL_50_PTG_100to200/output_1271.root",
        "/store/user/apiccine/run3skimsT3/mc/NAOD_ULv12_lepMVA-run3/2022EE/Full/v250713/ZG_MLL_50_PTG_100to200/output_694.root",
        "/store/user/apiccine/run3skimsT3/mc/NAOD_ULv12_lepMVA-run3/2022EE/Full/v250713/ZG_MLL_50_PTG_100to200/output_438.root",
        "/store/user/apiccine/run3skimsT3/mc/NAOD_ULv12_lepMVA-run3/2022EE/Full/v250713/ZG_MLL_50_PTG_100to200/output_245.root",
        "/store/user/apiccine/run3skimsT3/mc/NAOD_ULv12_lepMVA-run3/2022EE/Full/v250713/ZG_MLL_50_PTG_100to200/output_888.root",
        "/store/user/apiccine/run3skimsT3/mc/NAOD_ULv12_lepMVA-run3/2022EE/Full/v250713/ZG_MLL_50_PTG_100to200/output_1829.root"
    ],
    "nEvents": 3393769,
    "nGenEvents": 3393769,
    "nSumOfWeights": 6791012.326401099,
    "isData": false,
    "path": "/DYGto2LG-1Jets_MLL-50_PTG-100to200_TuneCP5_13p6TeV_amcatnloFXFX-pythia8/Run3Summer22EENanoAODv12-130X_mcRun3_2022_realistic_postEE_v6_ext1-v2/NANOAODSIM",
    "nSumOfWeights_ISRUp": 6851282.17089989,
    "nSumOfWeights_ISRDown": 6715769.551312713,
    "nSumOfWeights_FSRUp": 6794360.694602072,
    "nSumOfWeights_FSRDown": 6786766.873898871,
    "nSumOfWeights_renormUp": 6469728.794569515,
    "nSumOfWeights_renormDown": 7162863.230979739,
    "nSumOfWeights_factUp": 6811068.418721239,
    "nSumOfWeights_factDown": 6781016.939232896,
    "nSumOfWeights_renormDown_factUp": 7185046.226083949,
    "nSumOfWeights_renormUp_factDown": 6454348.136802549
}