{
  "xsec": 87.2,
  "year": "2023BPix",
  "treeName": "Events",
  "histAxisName": "ST_antitop_t-channel_central2023BPix",
  "options": "",
  "WCnames": [],
  "files": [
    "/cms/cephfs/data/store/user/apiccine/run3skimsT3/mc/NAOD_ULv12_lepMVA-run3/2023BPix/Full/v250305/ST_antitop_t_channel/output_493.root"
  ],
  "nEvents": 1488000,
  "nGenEvents": 1488000,
  "nSumOfWeights": 112771325.14274403,
  "isData": false,
  "path": "/store/mc/Run3Summer23BPixNanoAODv12/TbarBQ_t-channel_4FS_TuneCP5_13p6TeV_powheg-madspin-pythia8/NANOAODSIM/130X_mcRun3_2023_realistic_postBPix_v6-v2",
  "nSumOfWeights_ISRUp": 112771294.02700417,
  "nSumOfWeights_ISRDown": 112763727.25035408,
  "nSumOfWeights_FSRUp": 112815908.4539895,
  "nSumOfWeights_FSRDown": 112685552.13560653,
  "nSumOfWeights_renormUp": 107057961.96714808,
  "nSumOfWeights_renormDown": 117884738.70767817,
  "nSumOfWeights_factUp": 113435625.19678153,
  "nSumOfWeights_factDown": 112633004.3871113,
  "nSumOfWeights_renormDown_factUp": 118973726.91787156,
  "nSumOfWeights_renormUp_factDown": 106896572.9106715
}