{
  "xsec": 145.0,
  "year": "2023BPix",
  "treeName": "Events",
  "histAxisName": "ST_top_t-channel_central2023BPix",
  "options": "",
  "WCnames": [],
  "files": [
    "/cms/cephfs/data/store/user/apiccine/run3skimsT3/mc/NAOD_ULv12_lepMVA-run3/2023BPix/Full/v250305/ST_top_t_channel/output_1002.root"
  ],
  "nEvents": 2954000,
  "nGenEvents": 2954000,
  "nSumOfWeights": 367889266.77199996,
  "isData": false,
  "path": "/store/mc/Run3Summer23BPixNanoAODv12/TBbarQ_t-channel_4FS_TuneCP5_13p6TeV_powheg-madspin-pythia8/NANOAODSIM/130X_mcRun3_2023_realistic_postBPix_v6-v2",
  "nSumOfWeights_ISRUp": 367898459.2440088,
  "nSumOfWeights_ISRDown": 367857330.19919163,
  "nSumOfWeights_FSRUp": 367854826.30268574,
  "nSumOfWeights_FSRDown": 367899839.2400696,
  "nSumOfWeights_renormUp": 350521724.3736994,
  "nSumOfWeights_renormDown": 382327423.0198786,
  "nSumOfWeights_factUp": 370186216.12525713,
  "nSumOfWeights_factDown": 367488228.17127347,
  "nSumOfWeights_renormDown_factUp": 385911803.56806755,
  "nSumOfWeights_renormUp_factDown": 349920812.1966617
}