{
  "xsec": 0.4114,
  "year": "2023BPix",
  "treeName": "Events",
  "histAxisName": "TTG-1Jets_PTG-100to200_central2023BPix",
  "options": "",
  "WCnames": [],
  "files": [
    "/cms/cephfs/data/store/user/apiccine/run3skimsT3/mc/NAOD_ULv12_lepMVA-run3/2023BPix/Full/v250305/TTG_1Jets_PTG_100to200/output_683.root"
  ],
  "nEvents": 299074,
  "nGenEvents": 299074,
  "nSumOfWeights": 459046.3550120001,
  "isData": false,
  "path": "/store/mc/Run3Summer23BPixNanoAODv12/TTG-1Jets_PTG-100to200_TuneCP5_13p6TeV_amcatnloFXFXold-pythia8/NANOAODSIM/130X_mcRun3_2023_realistic_postBPix_v6-v2",
  "nSumOfWeights_ISRUp": 466451.0790940991,
  "nSumOfWeights_ISRDown": 450058.6515737097,
  "nSumOfWeights_FSRUp": 458736.555825755,
  "nSumOfWeights_FSRDown": 457430.89650410414,
  "nSumOfWeights_renormUp": 413068.21690915385,
  "nSumOfWeights_renormDown": 495710.6071126797,
  "nSumOfWeights_factUp": 450509.8186013419,
  "nSumOfWeights_factDown": 469342.5217369644,
  "nSumOfWeights_renormDown_factUp": 497598.93602100207,
  "nSumOfWeights_renormUp_factDown": 428716.3773064073
}