{
  "xsec": 4.216,
  "year": "2023BPix",
  "treeName": "Events",
  "histAxisName": "TTG-1Jets_PTG-10to100_central2023BPix",
  "options": "",
  "WCnames": [],
  "files": [
    "/cms/cephfs/data/store/user/apiccine/run3skimsT3/mc/NAOD_ULv12_lepMVA-run3/2023BPix/Full/v250305/TTG_1Jets_PTG_10to100/output_768.root",
    "/cms/cephfs/data/store/user/apiccine/run3skimsT3/mc/NAOD_ULv12_lepMVA-run3/2023BPix/Full/v250305/TTG_1Jets_PTG_10to100/output_834.root"
  ],
  "nEvents": 966829,
  "nGenEvents": 966829,
  "nSumOfWeights": 7633133.129011003,
  "isData": false,
  "path": "/store/mc/Run3Summer23BPixNanoAODv12/TTG-1Jets_PTG-10to100_TuneCP5_13p6TeV_amcatnloFXFXold-pythia8/NANOAODSIM/130X_mcRun3_2023_realistic_postBPix_v6-v2",
  "nSumOfWeights_ISRUp": 7741751.0802112175,
  "nSumOfWeights_ISRDown": 7498448.558036786,
  "nSumOfWeights_FSRUp": 7620116.375572503,
  "nSumOfWeights_FSRDown": 7675984.01115185,
  "nSumOfWeights_renormUp": 6881330.570912933,
  "nSumOfWeights_renormDown": 8214801.210842567,
  "nSumOfWeights_factUp": 7539281.631413089,
  "nSumOfWeights_factDown": 7756518.978690302,
  "nSumOfWeights_renormDown_factUp": 8260422.798722471,
  "nSumOfWeights_renormUp_factDown": 7069825.455692265
}