{
  "xsec": 0.1851,
  "year": "2023BPix",
  "treeName": "Events",
  "histAxisName": "WWZ_central2023BPix",
  "options": "",
  "WCnames": [],
  "files": [
    "/cms/cephfs/data/store/user/apiccine/run3skimsT3/mc/NAOD_ULv12_lepMVA-run3/2023BPix/Full/v250305/WWZ/output_1963.root",
    "/cms/cephfs/data/store/user/apiccine/run3skimsT3/mc/NAOD_ULv12_lepMVA-run3/2023BPix/Full/v250305/WWZ/output_2007.root"
  ],
  "nEvents": 1746000,
  "nGenEvents": 1746000,
  "nSumOfWeights": 323351.00703678,
  "isData": false,
  "path": "/store/mc/Run3Summer23BPixNanoAODv12//WWZ_4F_TuneCP5_13p6TeV_amcatnlo-pythia8/NANOAODSIM/130X_mcRun3_2023_realistic_postBPix_v2-v3",
  "nSumOfWeights_ISRUp": 323403.54195712315,
  "nSumOfWeights_ISRDown": 323230.8238572556,
  "nSumOfWeights_FSRUp": 323195.0195189519,
  "nSumOfWeights_FSRDown": 323498.20240104874,
  "nSumOfWeights_renormUp": 312160.53462011355,
  "nSumOfWeights_renormDown": 336847.64965241146,
  "nSumOfWeights_factUp": 318826.58685092744,
  "nSumOfWeights_factDown": 328744.62633713166,
  "nSumOfWeights_renormDown_factUp": 332082.6578143179,
  "nSumOfWeights_renormUp_factDown": 317230.2848426986
}