{
    "xsec": 0.00313,
    "year": "2023BPix",
    "treeName": "Events",
    "histAxisName": "ZG_MLL-50_PTG-400to600_central2023BPix",
    "options": "",
    "WCnames": [],
    "files": [
        "/store/user/apiccine/run3skimsT3/mc/NAOD_ULv12_lepMVA-run3/2023BPix/Full/v250714/ZG_MLL_50_PTG_400to600/output_883.root",
        "/store/user/apiccine/run3skimsT3/mc/NAOD_ULv12_lepMVA-run3/2023BPix/Full/v250714/ZG_MLL_50_PTG_400to600/output_575.root",
        "/store/user/apiccine/run3skimsT3/mc/NAOD_ULv12_lepMVA-run3/2023BPix/Full/v250714/ZG_MLL_50_PTG_400to600/output_431.root",
        "/store/user/apiccine/run3skimsT3/mc/NAOD_ULv12_lepMVA-run3/2023BPix/Full/v250714/ZG_MLL_50_PTG_400to600/output_477.root"
    ],
    "nEvents": 969648,
    "nGenEvents": 969648,
    "nSumOfWeights": 8333.714543099999,
    "isData": false,
    "path": "/DYGto2LG-1Jets_MLL-50_PTG-400to600_TuneCP5_13p6TeV_amcatnloFXFX-pythia8/Run3Summer23NanoAODv12-130X_mcRun3_2023_realistic_v15-v4/NANOAODSIM",
    "nSumOfWeights_ISRUp": 8398.149965536471,
    "nSumOfWeights_ISRDown": 8251.93889158619,
    "nSumOfWeights_FSRUp": 8335.788154138252,
    "nSumOfWeights_FSRDown": 8336.94482433125,
    "nSumOfWeights_renormUp": 7925.171021419868,
    "nSumOfWeights_renormDown": 8785.57986005796,
    "nSumOfWeights_factUp": 8202.042874651794,
    "nSumOfWeights_factDown": 8509.847094546434,
    "nSumOfWeights_renormDown_factUp": 8705.19334107506,
    "nSumOfWeights_renormUp_factDown": 8135.085019691725
}