{
  "xsec": 0.01591,
  "year": "2023BPix",
  "treeName": "Events",
  "histAxisName": "ZZZ_central2023BPix",
  "options": "",
  "WCnames": [],
  "files": [
    "/cms/cephfs/data/store/user/apiccine/run3skimsT3/mc/NAOD_ULv12_lepMVA-run3/2023BPix/Full/v250305/ZZZ/output_2211.root",
    "/cms/cephfs/data/store/user/apiccine/run3skimsT3/mc/NAOD_ULv12_lepMVA-run3/2023BPix/Full/v250305/ZZZ/output_2304.root"
  ],
  "nEvents": 1788000,
  "nGenEvents": 1788000,
  "nSumOfWeights": 28486.11953943601,
  "isData": false,
  "path": "/store/mc/Run3Summer23BPixNanoAODv12/ZZZ_TuneCP5_13p6TeV_amcatnlo-pythia8/NANOAODSIM/130X_mcRun3_2023_realistic_postBPix_v2-v2",
  "nSumOfWeights_ISRUp": 28486.528666783266,
  "nSumOfWeights_ISRDown": 28483.243953917194,
  "nSumOfWeights_FSRUp": 28475.103265348822,
  "nSumOfWeights_FSRDown": 28522.081940193253,
  "nSumOfWeights_renormUp": 27938.946030544772,
  "nSumOfWeights_renormDown": 29141.001963558694,
  "nSumOfWeights_factUp": 28451.93011398387,
  "nSumOfWeights_factDown": 28586.100608659006,
  "nSumOfWeights_renormDown_factUp": 29114.980333205618,
  "nSumOfWeights_renormUp_factDown": 28031.659580058513
}