{
    "NUM_TrackerMuons_DEN_genTracks": {
        "abseta_pt": {
            "abseta:[1.20,2.10]": {
                "pt:[8.00,10.00]": {
                    "value": 1.0016906796593013, 
                    "error": 0.0017459677937922825
                }, 
                "pt:[3.50,3.75]": {
                    "value": 1.004232955719082, 
                    "error": 0.010634637796101257
                }, 
                "pt:[2.50,2.75]": {
                    "value": 1, 
                    "error": 0
                }, 
                "pt:[4.00,4.50]": {
                    "value": 1.0042315136264621, 
                    "error": 0.005158696735573761
                }, 
                "pt:[5.00,6.00]": {
                    "value": 1.0028806498149427, 
                    "error": 0.004419604814446364
                }, 
                "pt:[4.50,5.00]": {
                    "value": 0.9917086092909383, 
                    "error": 0.01696040647693515
                }, 
                "pt:[10.00,15.00]": {
                    "value": 0.9986517753995491, 
                    "error": 0.00996366084949149
                }, 
                "pt:[2.75,3.00]": {
                    "value": 1, 
                    "error": 0
                }, 
                "pt:[3.25,3.50]": {
                    "value": 0.9671485654115431, 
                    "error": 0.033960715255303676
                }, 
                "pt:[15.00,20.00]": {
                    "value": 0.9813623086360734, 
                    "error": 0.02441636584739126
                }, 
                "pt:[2.00,2.50]": {
                    "value": 1, 
                    "error": 0
                }, 
                "pt:[3.00,3.25]": {
                    "value": 1, 
                    "error": 0
                }, 
                "pt:[6.00,8.00]": {
                    "value": 1.002086655482781, 
                    "error": 0.006199539539182573
                }, 
                "pt:[3.75,4.00]": {
                    "value": 1.0036692354689742, 
                    "error": 0.015966132183345506
                }, 
                "pt:[30.00,40.00]": {
                    "value": 1.0020738482246574, 
                    "error": 0.38992344410375374
                }, 
                "pt:[20.00,30.00]": {
                    "value": 1.0042375617808859, 
                    "error": 0.06298487251208873
                }
            }, 
            "abseta:[2.10,2.40]": {
                "pt:[8.00,10.00]": {
                    "value": 1.0008238228917103, 
                    "error": 0.06371657115135519
                }, 
                "pt:[3.50,3.75]": {
                    "value": 1.000859286473631, 
                    "error": 0.17379120410806462
                }, 
                "pt:[2.50,2.75]": {
                    "value": 1.0040114660432145, 
                    "error": 0.09815167825833764
                }, 
                "pt:[4.00,4.50]": {
                    "value": 1.0013410470091866, 
                    "error": 0.01349993190259982
                }, 
                "pt:[5.00,6.00]": {
                    "value": 1.0012827346304989, 
                    "error": 0.013931815137769359
                }, 
                "pt:[4.50,5.00]": {
                    "value": 1.0008668679627855, 
                    "error": 0.021440298882716508
                }, 
                "pt:[10.00,15.00]": {
                    "value": 1.0015142906936612, 
                    "error": 0.2656847275903465
                }, 
                "pt:[2.75,3.00]": {
                    "value": 0.9242884183575851, 
                    "error": 0.08300675506832789
                }, 
                "pt:[3.25,3.50]": {
                    "value": 0.9792439632444424, 
                    "error": 0.0630539795812473
                }, 
                "pt:[15.00,20.00]": {
                    "value": 1, 
                    "error": 0
                }, 
                "pt:[2.00,2.50]": {
                    "value": 1.004495123415001, 
                    "error": 0.024710639508902288
                }, 
                "pt:[3.00,3.25]": {
                    "value": 1.0021682830900471, 
                    "error": 0.016627561638262983
                }, 
                "pt:[6.00,8.00]": {
                    "value": 1.000983691715927, 
                    "error": 0.007385031319341577
                }, 
                "pt:[3.75,4.00]": {
                    "value": 1.0008573726578387, 
                    "error": 0.029096216946404282
                }, 
                "pt:[30.00,40.00]": {
                    "value": 1, 
                    "error": 0
                }, 
                "pt:[20.00,30.00]": {
                    "value": 1.0, 
                    "error": 0.8427181081943562
                }
            }, 
            "abseta:[0.90,1.20]": {
                "pt:[8.00,10.00]": {
                    "value": 1.0057516015575276, 
                    "error": 0.00686279492733954
                }, 
                "pt:[3.50,3.75]": {
                    "value": 0.9699400928373011, 
                    "error": 0.0772491685646569
                }, 
                "pt:[2.50,2.75]": {
                    "value": 1, 
                    "error": 0
                }, 
                "pt:[4.00,4.50]": {
                    "value": 1.0128152795164227, 
                    "error": 0.02005905103852187
                }, 
                "pt:[5.00,6.00]": {
                    "value": 1.0105559963461266, 
                    "error": 0.006307631621627504
                }, 
                "pt:[4.50,5.00]": {
                    "value": 1.0142730784791836, 
                    "error": 0.008933934715238215
                }, 
                "pt:[10.00,15.00]": {
                    "value": 1.0014223328028362, 
                    "error": 0.014849035788921506
                }, 
                "pt:[2.75,3.00]": {
                    "value": 1, 
                    "error": 0
                }, 
                "pt:[3.25,3.50]": {
                    "value": 1.099120962816082, 
                    "error": 0.37768629803488185
                }, 
                "pt:[15.00,20.00]": {
                    "value": 1.0094850867148883, 
                    "error": 0.01739559066541077
                }, 
                "pt:[2.00,2.50]": {
                    "value": 1, 
                    "error": 0
                }, 
                "pt:[3.00,3.25]": {
                    "value": 1, 
                    "error": 0
                }, 
                "pt:[6.00,8.00]": {
                    "value": 1.0015390170733667, 
                    "error": 0.010478269504180515
                }, 
                "pt:[3.75,4.00]": {
                    "value": 0.9713520489578005, 
                    "error": 0.05555400578753803
                }, 
                "pt:[30.00,40.00]": {
                    "value": 1.0039915269454516, 
                    "error": 0.31066600132050637
                }, 
                "pt:[20.00,30.00]": {
                    "value": 1.0059219590296662, 
                    "error": 0.03708349152324314
                }
            }, 
            "abseta:[0.00,0.90]": {
                "pt:[8.00,10.00]": {
                    "value": 1.0002683278179798, 
                    "error": 0.005863004748416808
                }, 
                "pt:[3.50,3.75]": {
                    "value": 1.0496255430130927, 
                    "error": 0.044641039623493375
                }, 
                "pt:[2.50,2.75]": {
                    "value": 1, 
                    "error": 0
                }, 
                "pt:[4.00,4.50]": {
                    "value": 1.0245786727508184, 
                    "error": 0.009100991164312755
                },