{
    "NUM_TrackerMuons_DEN_genTracks": {
        "abseta_pt": {
            "abseta:[1.20,2.10]": {
                "pt:[8.00,10.00]": {
                    "value": 0.9982254171084246, 
                    "error": 0.003055074934193558
                }, 
                "pt:[3.50,3.75]": {
                    "value": 0.9908570564037569, 
                    "error": 0.007046521297380423
                }, 
                "pt:[2.50,2.75]": {
                    "value": 1, 
                    "error": 0
                }, 
                "pt:[4.00,4.50]": {
                    "value": 0.9955968330505826, 
                    "error": 0.00406035505111125
                }, 
                "pt:[5.00,6.00]": {
                    "value": 0.998314229400149, 
                    "error": 0.0030325706706052892
                }, 
                "pt:[4.50,5.00]": {
                    "value": 0.9988720780813359, 
                    "error": 0.004257692197591895
                }, 
                "pt:[10.00,15.00]": {
                    "value": 0.9913534602197399, 
                    "error": 0.003833918735225992
                }, 
                "pt:[2.75,3.00]": {
                    "value": 1, 
                    "error": 0
                }, 
                "pt:[3.25,3.50]": {
                    "value": 0.9933049331228998, 
                    "error": 0.006526204220291956
                }, 
                "pt:[15.00,20.00]": {
                    "value": 0.9968623549532788, 
                    "error": 0.007366052800792408
                }, 
                "pt:[2.00,2.50]": {
                    "value": 1, 
                    "error": 0
                }, 
                "pt:[3.00,3.25]": {
                    "value": 1, 
                    "error": 0
                }, 
                "pt:[6.00,8.00]": {
                    "value": 1.0010154678925312, 
                    "error": 0.0019309166122797726
                }, 
                "pt:[3.75,4.00]": {
                    "value": 0.9920496353750168, 
                    "error": 0.00639087307321681
                }, 
                "pt:[30.00,40.00]": {
                    "value": 1.011238602365917, 
                    "error": 0.3127295661973638
                }, 
                "pt:[20.00,30.00]": {
                    "value": 0.999444309416095, 
                    "error": 0.008301899834946763
                }
            }, 
            "abseta:[2.10,2.40]": {
                "pt:[8.00,10.00]": {
                    "value": 0.9937207685303093, 
                    "error": 0.011204616514248032
                }, 
                "pt:[3.50,3.75]": {
                    "value": 0.9817608823383761, 
                    "error": 0.024906406479843345
                }, 
                "pt:[2.50,2.75]": {
                    "value": 0.9763904593012103, 
                    "error": 0.03332955426206517
                }, 
                "pt:[4.00,4.50]": {
                    "value": 1.0011232203360931, 
                    "error": 0.0029832235241241886
                }, 
                "pt:[5.00,6.00]": {
                    "value": 0.9979924308033741, 
                    "error": 0.008261985413467334
                }, 
                "pt:[4.50,5.00]": {
                    "value": 0.9950324958465123, 
                    "error": 0.015051425285713299
                }, 
                "pt:[10.00,15.00]": {
                    "value": 1.0016127237935253, 
                    "error": 0.00974718192971494
                }, 
                "pt:[2.75,3.00]": {
                    "value": 1.00163926167882, 
                    "error": 0.004627640378639266
                }, 
                "pt:[3.25,3.50]": {
                    "value": 0.9913368291116788, 
                    "error": 0.02253489496764615
                }, 
                "pt:[15.00,20.00]": {
                    "value": 1.000804568366895, 
                    "error": 0.8666157679132289
                }, 
                "pt:[2.00,2.50]": {
                    "value": 1.0039372659587973, 
                    "error": 0.012074139001666274
                }, 
                "pt:[3.00,3.25]": {
                    "value": 1.0013976167047107, 
                    "error": 0.010186274587899427
                }, 
                "pt:[6.00,8.00]": {
                    "value": 1.0003508258808183, 
                    "error": 0.004712087965010837
                }, 
                "pt:[3.75,4.00]": {
                    "value": 0.9666705317834623, 
                    "error": 0.0304792484785537
                }, 
                "pt:[30.00,40.00]": {
                    "value": 1, 
                    "error": 0
                }, 
                "pt:[20.00,30.00]": {
                    "value": 1.0000000009301613, 
                    "error": 0.8429313966644044
                }
            }, 
            "abseta:[0.90,1.20]": {
                "pt:[8.00,10.00]": {
                    "value": 0.9956669395915432, 
                    "error": 0.004328989510029797
                }, 
                "pt:[3.50,3.75]": {
                    "value": 1.029553188542248, 
                    "error": 0.056392111829691074
                }, 
                "pt:[2.50,2.75]": {
                    "value": 1, 
                    "error": 0
                }, 
                "pt:[4.00,4.50]": {
                    "value": 0.9933905960970051, 
                    "error": 0.007405130184168999
                }, 
                "pt:[5.00,6.00]": {
                    "value": 0.9986886706975431, 
                    "error": 0.004374302716731966
                }, 
                "pt:[4.50,5.00]": {
                    "value": 0.998284128448773, 
                    "error": 0.006347374298838196
                }, 
                "pt:[10.00,15.00]": {
                    "value": 1.0033463559277056, 
                    "error": 0.0046083394661362445
                }, 
                "pt:[2.75,3.00]": {
                    "value": 1, 
                    "error": 0
                }, 
                "pt:[3.25,3.50]": {
                    "value": 1.038233757857301, 
                    "error": 0.06369701633461718
                }, 
                "pt:[15.00,20.00]": {
                    "value": 1.0046812154344578, 
                    "error": 0.007372089375391704
                }, 
                "pt:[2.00,2.50]": {
                    "value": 1, 
                    "error": 0
                }, 
                "pt:[3.00,3.25]": {
                    "value": 1, 
                    "error": 0
                }, 
                "pt:[6.00,8.00]": {
                    "value": 0.9991075118744417, 
                    "error": 0.00322220810445151
                }, 
                "pt:[3.75,4.00]": {
                    "value": 0.9824783198524206, 
                    "error": 0.015082344880197107
                }, 
                "pt:[30.00,40.00]": {
                    "value": 1.003943594580585, 
                    "error": 0.15545659178326282
                }, 
                "pt:[20.00,30.00]": {
                    "value": 1.0015307439412775, 
                    "error": 0.010032391211399764
                }
            }, 
            "abseta:[0.00,0.90]": {
                "pt:[8.00,10.00]": {
                    "value": 0.9998307404046151, 
                    "error": 0.0017512029704276346
                }, 
                "pt:[3.50,3.75]": {
                    "value": 0.9983567929824981, 
                    "error": 0.010282604961852272
                }, 
                "pt:[2.50,2.75]": {
                    "value": 1, 
                    "error": 0
                }, 
                "pt:[4.00,4.50]": {
                    "value": 0.992836351654494,