{
    "NUM_TrackerMuons_DEN_genTracks": {
        "abseta_pt": {
            "abseta:[1.20,2.10]": {
                "pt:[8.00,10.00]": {
                    "value": 0.9842686913959845, 
                    "error": 0.02963206541364877
                }, 
                "pt:[3.50,3.75]": {
                    "value": 1.0046655328938918, 
                    "error": 0.02864192874252308
                }, 
                "pt:[2.50,2.75]": {
                    "value": 1, 
                    "error": 0
                }, 
                "pt:[4.00,4.50]": {
                    "value": 0.961200145010141, 
                    "error": 0.055150870895074325
                }, 
                "pt:[5.00,6.00]": {
                    "value": 1.0028236667446566, 
                    "error": 0.025221824327802383
                }, 
                "pt:[4.50,5.00]": {
                    "value": 1.0035208543548175, 
                    "error": 0.019031208868073586
                }, 
                "pt:[10.00,15.00]": {
                    "value": 1.0045166286019926, 
                    "error": 0.03544277198028373
                }, 
                "pt:[2.75,3.00]": {
                    "value": 1, 
                    "error": 0
                }, 
                "pt:[3.25,3.50]": {
                    "value": 0.9455725240692203, 
                    "error": 0.09051123511181855
                }, 
                "pt:[15.00,20.00]": {
                    "value": 1.003137641796382, 
                    "error": 0.15525653333299372
                }, 
                "pt:[2.00,2.50]": {
                    "value": 1, 
                    "error": 0
                }, 
                "pt:[3.00,3.25]": {
                    "value": 1, 
                    "error": 0
                }, 
                "pt:[6.00,8.00]": {
                    "value": 1.002243448904213, 
                    "error": 0.014635809729241167
                }, 
                "pt:[3.75,4.00]": {
                    "value": 0.9912556590431282, 
                    "error": 0.0363592687939075
                }, 
                "pt:[30.00,40.00]": {
                    "value": 1, 
                    "error": 0
                }, 
                "pt:[20.00,30.00]": {
                    "value": 1.0023685314073512, 
                    "error": 0.22172800213337931
                }
            }, 
            "abseta:[2.10,2.40]": {
                "pt:[8.00,10.00]": {
                    "value": 1.000224534964638, 
                    "error": 0.6633788139988811
                }, 
                "pt:[3.50,3.75]": {
                    "value": 1.0013997659539167, 
                    "error": 0.2657935339218712
                }, 
                "pt:[2.50,2.75]": {
                    "value": 1.0015080593564991, 
                    "error": 0.17132524711841202
                }, 
                "pt:[4.00,4.50]": {
                    "value": 1.000494083914997, 
                    "error": 0.18919255742002172
                }, 
                "pt:[5.00,6.00]": {
                    "value": 1.000262108470239, 
                    "error": 0.23226375875167213
                }, 
                "pt:[4.50,5.00]": {
                    "value": 1.0011590620754274, 
                    "error": 0.460722385338737
                }, 
                "pt:[10.00,15.00]": {
                    "value": 1, 
                    "error": 0
                }, 
                "pt:[2.75,3.00]": {
                    "value": 1.0020953201750005, 
                    "error": 0.29593485479273796
                }, 
                "pt:[3.25,3.50]": {
                    "value": 1.0014976086683698, 
                    "error": 0.26567944661749526
                }, 
                "pt:[15.00,20.00]": {
                    "value": 1, 
                    "error": 0
                }, 
                "pt:[2.00,2.50]": {
                    "value": 1.003101641969965, 
                    "error": 0.155266232580708
                }, 
                "pt:[3.00,3.25]": {
                    "value": 1.0010844193841386, 
                    "error": 0.20667774660664287
                }, 
                "pt:[6.00,8.00]": {
                    "value": 1.0004848395299055, 
                    "error": 0.1689451220387189
                }, 
                "pt:[3.75,4.00]": {
                    "value": 1.0015739076237173, 
                    "error": 0.525138116826038
                }, 
                "pt:[30.00,40.00]": {
                    "value": 1, 
                    "error": 0
                }, 
                "pt:[20.00,30.00]": {
                    "value": 1, 
                    "error": 0
                }
            }, 
            "abseta:[0.90,1.20]": {
                "pt:[8.00,10.00]": {
                    "value": 1.0062041003034161, 
                    "error": 0.04354210261098553
                }, 
                "pt:[3.50,3.75]": {
                    "value": 0.6185253969882053, 
                    "error": 0.39036338589005803
                }, 
                "pt:[2.50,2.75]": {
                    "value": 1, 
                    "error": 0
                }, 
                "pt:[4.00,4.50]": {
                    "value": 1.0161847682127974, 
                    "error": 0.028105655473672015
                }, 
                "pt:[5.00,6.00]": {
                    "value": 1.009897339326928, 
                    "error": 0.050554803273603434
                }, 
                "pt:[4.50,5.00]": {
                    "value": 0.9310484767223539, 
                    "error": 0.08390231200549203
                }, 
                "pt:[10.00,15.00]": {
                    "value": 1.0099097794293355, 
                    "error": 0.08274636810319634
                }, 
                "pt:[2.75,3.00]": {
                    "value": 1, 
                    "error": 0
                }, 
                "pt:[3.25,3.50]": {
                    "value": 1, 
                    "error": 0
                }, 
                "pt:[15.00,20.00]": {
                    "value": 1.0065290007296392, 
                    "error": 0.11675884430113558
                }, 
                "pt:[2.00,2.50]": {
                    "value": 1, 
                    "error": 0
                }, 
                "pt:[3.00,3.25]": {
                    "value": 1, 
                    "error": 0
                }, 
                "pt:[6.00,8.00]": {
                    "value": 1.007027508403878, 
                    "error": 0.0225683236529397
                }, 
                "pt:[3.75,4.00]": {
                    "value": 0.9469166415007371, 
                    "error": 0.11251015088000559
                }, 
                "pt:[30.00,40.00]": {
                    "value": 1, 
                    "error": 0
                }, 
                "pt:[20.00,30.00]": {
                    "value": 1.0047119930493842, 
                    "error": 0.3106718678533123
                }
            }, 
            "abseta:[0.00,0.90]": {
                "pt:[8.00,10.00]": {
                    "value": 1.006647891756716, 
                    "error": 0.005118321475476306
                }, 
                "pt:[3.50,3.75]": {
                    "value": 1.038536665892633, 
                    "error": 0.07291130380959449
                }, 
                "pt:[2.50,2.75]": {
                    "value": 1, 
                    "error": 0
                }, 
                "pt:[4.00,4.50]": {
                    "value": 1.0064396337144235, 
                    "error": 0.027612782734366327
                }, 
                "pt:[5.00,6.00]": {
                    "value": 0.9886617311126424, 
                    "error": 0.01953658650444682
                },