{
    "NUM_TrackerMuons_DEN_genTracks": {
        "abseta_pt": {
            "abseta:[1.20,2.10]": {
                "pt:[8.00,10.00]": {
                    "value": 0.9647145163097162, 
                    "error": 0.02232042451538324
                }, 
                "pt:[3.50,3.75]": {
                    "value": 1.004760337502596, 
                    "error": 0.01641494156524567
                }, 
                "pt:[2.50,2.75]": {
                    "value": 1, 
                    "error": 0
                }, 
                "pt:[4.00,4.50]": {
                    "value": 0.9914968447284168, 
                    "error": 0.0260577888370174
                }, 
                "pt:[5.00,6.00]": {
                    "value": 1.0029312074501653, 
                    "error": 0.007821994479393008
                }, 
                "pt:[4.50,5.00]": {
                    "value": 0.9937390545144157, 
                    "error": 0.024387064920880438
                }, 
                "pt:[10.00,15.00]": {
                    "value": 0.9771290781301517, 
                    "error": 0.022937556692115436
                }, 
                "pt:[2.75,3.00]": {
                    "value": 1, 
                    "error": 0
                }, 
                "pt:[3.25,3.50]": {
                    "value": 1.004737916749597, 
                    "error": 0.013826063129154617
                }, 
                "pt:[15.00,20.00]": {
                    "value": 0.9569388437429848, 
                    "error": 0.05239691994020344
                }, 
                "pt:[2.00,2.50]": {
                    "value": 1, 
                    "error": 0
                }, 
                "pt:[3.00,3.25]": {
                    "value": 1, 
                    "error": 0
                }, 
                "pt:[6.00,8.00]": {
                    "value": 1.002298685118436, 
                    "error": 0.010243867962505192
                }, 
                "pt:[3.75,4.00]": {
                    "value": 1.0040852467808588, 
                    "error": 0.029661327242656656
                }, 
                "pt:[30.00,40.00]": {
                    "value": 1, 
                    "error": 0
                }, 
                "pt:[20.00,30.00]": {
                    "value": 1.003006053615245, 
                    "error": 0.02608804609318084
                }
            }, 
            "abseta:[2.10,2.40]": {
                "pt:[8.00,10.00]": {
                    "value": 0.7911488099525276, 
                    "error": 0.24214848136843292
                }, 
                "pt:[3.50,3.75]": {
                    "value": 0.9999997933903989, 
                    "error": 0.0871480317956893
                }, 
                "pt:[2.50,2.75]": {
                    "value": 0.8764773980483044, 
                    "error": 0.1730149363783259
                }, 
                "pt:[4.00,4.50]": {
                    "value": 0.9817523842593994, 
                    "error": 0.08215544867494559
                }, 
                "pt:[5.00,6.00]": {
                    "value": 0.9999999999020464, 
                    "error": 0.022265761735473115
                }, 
                "pt:[4.50,5.00]": {
                    "value": 0.9551181212050973, 
                    "error": 0.13786426080601363
                }, 
                "pt:[10.00,15.00]": {
                    "value": 1.0003541598832884, 
                    "error": 0.06587036600704724
                }, 
                "pt:[2.75,3.00]": {
                    "value": 0.8606295076084071, 
                    "error": 0.16104083291873345
                }, 
                "pt:[3.25,3.50]": {
                    "value": 0.92034046525871, 
                    "error": 0.15895756312763193
                }, 
                "pt:[15.00,20.00]": {
                    "value": 1, 
                    "error": 0
                }, 
                "pt:[2.00,2.50]": {
                    "value": 1.002066802835317, 
                    "error": 0.064512189492162
                }, 
                "pt:[3.00,3.25]": {
                    "value": 0.9937382769055424, 
                    "error": 1.022960604770318
                }, 
                "pt:[6.00,8.00]": {
                    "value": 0.9457822923500252, 
                    "error": 0.07696970865390529
                }, 
                "pt:[3.75,4.00]": {
                    "value": 0.9212975269110639, 
                    "error": 0.12822517490984048
                }, 
                "pt:[30.00,40.00]": {
                    "value": 1, 
                    "error": 0
                }, 
                "pt:[20.00,30.00]": {
                    "value": 1.0, 
                    "error": 0.8430225314926828
                }
            }, 
            "abseta:[0.90,1.20]": {
                "pt:[8.00,10.00]": {
                    "value": 0.9919371050807125, 
                    "error": 0.018498695290117825
                }, 
                "pt:[3.50,3.75]": {
                    "value": 0.9305925272487823, 
                    "error": 0.07375305065031067
                }, 
                "pt:[2.50,2.75]": {
                    "value": 1, 
                    "error": 0
                }, 
                "pt:[4.00,4.50]": {
                    "value": 0.9424219731249323, 
                    "error": 0.03213878126570592
                }, 
                "pt:[5.00,6.00]": {
                    "value": 1.0106650703062428, 
                    "error": 0.014829852673272075
                }, 
                "pt:[4.50,5.00]": {
                    "value": 1.0154736097598496, 
                    "error": 0.017641066319721944
                }, 
                "pt:[10.00,15.00]": {
                    "value": 1.0080520133076307, 
                    "error": 0.010524902974966631
                }, 
                "pt:[2.75,3.00]": {
                    "value": 1, 
                    "error": 0
                }, 
                "pt:[3.25,3.50]": {
                    "value": 0.9432095069740233, 
                    "error": 0.18152374907857466
                }, 
                "pt:[15.00,20.00]": {
                    "value": 0.984825408074564, 
                    "error": 0.027512857560575917
                }, 
                "pt:[2.00,2.50]": {
                    "value": 1, 
                    "error": 0
                }, 
                "pt:[3.00,3.25]": {
                    "value": 1, 
                    "error": 0
                }, 
                "pt:[6.00,8.00]": {
                    "value": 1.0011631885473775, 
                    "error": 0.013317709384126386
                }, 
                "pt:[3.75,4.00]": {
                    "value": 0.9908085986835078, 
                    "error": 0.05339558098036852
                }, 
                "pt:[30.00,40.00]": {
                    "value": 1.0, 
                    "error": 0.16893361850285488
                }, 
                "pt:[20.00,30.00]": {
                    "value": 0.9947357807826922, 
                    "error": 0.027139598148406174
                }
            }, 
            "abseta:[0.00,0.90]": {
                "pt:[8.00,10.00]": {
                    "value": 1.0015481462708145, 
                    "error": 0.008033389180121352
                }, 
                "pt:[3.50,3.75]": {
                    "value": 0.9627713730034183, 
                    "error": 0.04096989889383265
                }, 
                "pt:[2.50,2.75]": {
                    "value": 1, 
                    "error": 0
                }, 
                "pt:[4.00,4.50]": {
                    "value": 1.0145450385374175, 
                    "error": 0.013641709298580974
                }, 
                "pt:[5.00,6.00]": {
                    "value": 1.0000394613204677,