{
  "xsec": 3.697,
  "year": "2016",
  "treeName": "Events",
  "histAxisName": "TTGJets_centralUL16",
  "options": "",
  "WCnames": [],
  "files": [
    "/users/byates/skims/mc/new-lepMVA-v2/central_bkgd_p1/FullRun2/v2/UL16_TTGJets/output_3569.root"
  ],
  "nEvents": 1416230,
  "nGenEvents": 1416230,
  "nSumOfWeights": 8868804.739200002,
  "isData": false,
  "nSumOfWeights_ISRUp": 8678080.889608536,
  "nSumOfWeights_ISRDown": 9027062.011607777,
  "nSumOfWeights_FSRUp": 8825215.223699242,
  "nSumOfWeights_FSRDown": 8883075.204081357,
  "nSumOfWeights_renormUp": 7996990.713154277,
  "nSumOfWeights_renormDown": 9489778.752668764,
  "nSumOfWeights_factUp": 8753568.907524081,
  "nSumOfWeights_factDown": 9016993.57752651,
  "nSumOfWeights_renormfactUp": 7796807.067790964,
  "nSumOfWeights_renormfactDown": 9423890.975663688
}