{
  "xsec": 0.082,
  "year": "2016",
  "treeName": "Events",
  "histAxisName": "TTZToLL_M1to10_centralUL16",
  "options": "",
  "WCnames": [],
  "files": [
    "/store/mc/RunIISummer20UL16NanoAODv9/TTZToLL_M-1to10_TuneCP5_13TeV-amcatnlo-pythia8/NANOAODSIM/106X_mcRun2_asymptotic_v17-v1/2530000/C6C98725-CFD0-664F-83BA-4324AF56FF4E.root",
    "/store/mc/RunIISummer20UL16NanoAODv9/TTZToLL_M-1to10_TuneCP5_13TeV-amcatnlo-pythia8/NANOAODSIM/106X_mcRun2_asymptotic_v17-v1/40000/0D2BC451-5350-E945-8672-71EF29073D25.root",
    "/store/mc/RunIISummer20UL16NanoAODv9/TTZToLL_M-1to10_TuneCP5_13TeV-amcatnlo-pythia8/NANOAODSIM/106X_mcRun2_asymptotic_v17-v1/50000/15043F01-4720-FA46-AEB8-9CA4BAFE716F.root",
    "/store/mc/RunIISummer20UL16NanoAODv9/TTZToLL_M-1to10_TuneCP5_13TeV-amcatnlo-pythia8/NANOAODSIM/106X_mcRun2_asymptotic_v17-v1/50000/55F9405F-4341-E243-A943-1F23C5A25616.root",
    "/store/mc/RunIISummer20UL16NanoAODv9/TTZToLL_M-1to10_TuneCP5_13TeV-amcatnlo-pythia8/NANOAODSIM/106X_mcRun2_asymptotic_v17-v1/50000/5712A0AC-2DC7-4143-B9D0-362EBE263800.root",
    "/store/mc/RunIISummer20UL16NanoAODv9/TTZToLL_M-1to10_TuneCP5_13TeV-amcatnlo-pythia8/NANOAODSIM/106X_mcRun2_asymptotic_v17-v1/50000/77AE7979-3CEA-9944-9C2B-75A1BF22AC09.root",
    "/store/mc/RunIISummer20UL16NanoAODv9/TTZToLL_M-1to10_TuneCP5_13TeV-amcatnlo-pythia8/NANOAODSIM/106X_mcRun2_asymptotic_v17-v1/50000/8CC83024-0CDF-1845-BEC8-9659913C9EC8.root",
    "/store/mc/RunIISummer20UL16NanoAODv9/TTZToLL_M-1to10_TuneCP5_13TeV-amcatnlo-pythia8/NANOAODSIM/106X_mcRun2_asymptotic_v17-v1/50000/8F2159C5-B3BE-2944-BEC7-4E2A4904B273.root",
    "/store/mc/RunIISummer20UL16NanoAODv9/TTZToLL_M-1to10_TuneCP5_13TeV-amcatnlo-pythia8/NANOAODSIM/106X_mcRun2_asymptotic_v17-v1/50000/A7352C87-DF9C-964C-B61B-3C9E68A68F50.root"
  ],
  "nEvents": 320000,
  "nGenEvents": 320000,
  "nSumOfWeights": 17140.614008864002,
  "isData": false,
  "path": "/store/mc/RunIISummer20UL16NanoAODv9/TTZToLL_M-1to10_TuneCP5_13TeV-amcatnlo-pythia8/NANOAODSIM/106X_mcRun2_asymptotic_v17-v1",
  "nSumOfWeights_ISRUp": 17158.770330554238,
  "nSumOfWeights_ISRDown": 17124.903501262626,
  "nSumOfWeights_FSRUp": 17201.20794952463,
  "nSumOfWeights_FSRDown": 17097.27151068719,
  "nSumOfWeights_renormUp": 15428.40274899988,
  "nSumOfWeights_renormDown": 18970.506198586503,
  "nSumOfWeights_factUp": 16780.352018316567,
  "nSumOfWeights_factDown": 17585.339622060703,
  "nSumOfWeights_renormfactUp": 15037.648000692981,
  "nSumOfWeights_renormfactDown": 19349.477954208047
}