{
  "xsec": 0.082,
  "year": "2016",
  "treeName": "Events",
  "histAxisName": "TTZToLL_M1to10_centralUL16",
  "options": "",
  "WCnames": [],
  "files": [
    "/store/user/awightma/skims/mc/new-lepMVA-v2/central_bkgd_p8/WZ_lowMassTTZ/v1/UL16_TTZToLL_M_1to10/output_179.root"
  ],
  "nEvents": 320000,
  "nGenEvents": 320000,
  "nSumOfWeights": 17140.614008864002,
  "isData": false,
  "path": "/store/mc/RunIISummer20UL16NanoAODv9/TTZToLL_M-1to10_TuneCP5_13TeV-amcatnlo-pythia8/NANOAODSIM/106X_mcRun2_asymptotic_v17-v1",
  "nSumOfWeights_ISRUp": 17158.770330554238,
  "nSumOfWeights_ISRDown": 17124.903501262626,
  "nSumOfWeights_FSRUp": 17201.20794952463,
  "nSumOfWeights_FSRDown": 17097.27151068719,
  "nSumOfWeights_renormUp": 15428.40274899988,
  "nSumOfWeights_renormDown": 18970.506198586503,
  "nSumOfWeights_factUp": 16780.352018316567,
  "nSumOfWeights_factDown": 17585.339622060703,
  "nSumOfWeights_renormfactUp": 15037.648000692981,
  "nSumOfWeights_renormfactDown": 19349.477954208047
}