{
  "xsec": 35.85,
  "year": "2016",
  "treeName": "Events",
  "histAxisName": "tbarW_centralUL16",
  "options": "",
  "WCnames": [],
  "files": [
    "/users/byates/skims/mc/new-lepMVA-v2/central_bkgd_p1/FullRun2/v2/UL16_tbarW/output_3017.root"
  ],
  "nEvents": 2554000,
  "nGenEvents": 2554000,
  "nSumOfWeights": 83024149.93800002,
  "isData": false,
  "nSumOfWeights_ISRUp": 83035982.50608444,
  "nSumOfWeights_ISRDown": 83015218.08519077,
  "nSumOfWeights_FSRUp": 82985350.60890214,
  "nSumOfWeights_FSRDown": 83049400.59455967,
  "nSumOfWeights_renormUp": 79079716.4184571,
  "nSumOfWeights_renormDown": 87046968.12847686,
  "nSumOfWeights_factUp": 85292196.248965,
  "nSumOfWeights_factDown": 80721792.38337237,
  "nSumOfWeights_renormfactUp": 81492469.84891,
  "nSumOfWeights_renormfactDown": 85353799.73265588
}