{
  "xsec": 5.284311882352942,
  "year": "2016",
  "treeName": "Events",
  "histAxisName": "WZTo3LNu_centralUL16",
  "options": "",
  "WCnames": [],
  "files": [
    "/users/byates/skims/mc/new-lepMVA-v2/central_bkgd_p4/WZTo3LNuPowheg/v2/UL16_WZTo3LNu/output_71.root"
  ],
  "nEvents": 904000,
  "nGenEvents": 904000,
  "nSumOfWeights": 4217571.875840001,
  "isData": false,
  "path": "/store/mc/RunIISummer20UL16NanoAODv9/WZTo3LNu_mllmin4p0_TuneCP5_13TeV-powheg-pythia8/NANOAODSIM/106X_mcRun2_asymptotic_v17-v2",
  "nSumOfWeights_ISRUp": 4217946.57703569,
  "nSumOfWeights_ISRDown": 4217174.699916958,
  "nSumOfWeights_FSRUp": 4214698.343719631,
  "nSumOfWeights_FSRDown": 4218768.503622472,
  "nSumOfWeights_renormUp": 4125978.4060226334,
  "nSumOfWeights_renormDown": 4328797.399250716,
  "nSumOfWeights_factUp": 4314908.924889041,
  "nSumOfWeights_factDown": 4072877.30632768,
  "nSumOfWeights_renormfactUp": 4238315.1235798355,
  "nSumOfWeights_renormfactDown": 4200529.621875796
}